time,x,y,z
21,-0.10787315,-9.914523,1.8926834
42,0.049033247,-9.816457,1.8240368
58,0.2353596,-9.86549,1.735777
78,0.0196133,-9.875297,1.1571847
100,-0.0784532,-9.639936,1.1179581
125,0.18632634,-9.669356,1.4906107
140,0.37265268,-9.80665,1.6573238
158,0.0392266,-10.130269,2.1966896
178,-0.16671304,-10.071429,1.9809432
198,-0.00980665,-9.83607,1.7259704
224,0.17651969,-9.365351,1.4513842
243,0.0588399,-9.581097,1.2062179
259,-0.2745862,-9.796844,1.4513842
279,-0.0196133,-9.89491,1.6377105
299,0.098066494,-9.963556,1.8044236
327,0.02941995,-9.747809,1.9515233
343,0.38245934,-9.63013,1.3337044
360,-0.35303938,-9.885103,1.5690639
380,-0.1176798,-9.934136,1.147378
401,-0.12748645,-9.963556,1.5788707
424,0.24516624,-9.855683,1.5200307
440,0.06864655,-10.051816,2.0397832
460,0.0588399,-10.130269,2.5301156
481,0.2353596,-9.963556,2.2163029
503,-0.10787315,-9.816457,1.8730701
524,-0.098066494,-9.86549,1.2846711
541,-0.24516624,-9.738003,1.4611908
561,-0.1372931,-9.767424,1.5886773
584,-0.10787315,-9.77723,1.5886773
606,-0.0588399,-9.855683,1.6573238
623,0.0,-9.95375,1.6475172
642,0.1569064,-9.95375,1.9515233
662,0.1372931,-9.914523,1.99075
683,0.0588399,-9.787037,1.7651969
706,0.0588399,-9.708583,1.3042845
723,-0.24516624,-9.875297,1.0885382
743,-0.37265268,-9.992976,1.1866046
762,-0.20593965,-9.757616,1.2356379
783,-0.14709975,-9.63013,1.4023509
803,-0.20593965,-9.639936,1.147378
824,-0.2353596,-9.89491,1.0983448
843,-0.2353596,-10.149882,1.176798
863,-0.0196133,-10.081236,1.3042845
885,0.30400613,-9.767424,1.6082906
908,0.28439283,-9.92433,1.6671305
924,0.098066494,-10.032203,1.7455837
944,0.0588399,-9.973363,1.4611908
964,0.00980665,-9.98317,1.0591182
985,-0.0588399,-10.0910425,1.0885382
1007,-0.37265268,-10.061623,1.0395049
1024,-0.48052585,-10.012589,1.1866046
1044,-0.46091253,-10.022396,0.55897903
1064,-0.61781895,-10.120462,0.37265268
1086,-0.10787315,-10.110656,0.69627213
1111,-0.39226598,-10.365629,0.5099458
1127,-0.32361946,-10.032203,-0.22555295
1145,-0.24516624,-10.1989155,-0.2353596
1165,-0.20593965,-10.110656,-0.39226598
1186,-0.12748645,-9.796844,-0.34323275
1209,-0.049033247,-9.728196,-0.22555295
1230,-0.098066494,-9.80665,-0.14709975
1250,-0.10787315,-10.110656,0.02941995
1267,-0.19613299,-10.296982,0.0
1287,-0.26477954,-10.346016,0.06864655
1310,-0.3334261,-10.306788,-0.049033247
1327,-0.2549729,-10.140076,-0.06864655
1346,-0.20593965,-9.92433,-0.098066494
1368,-0.098066494,-9.875297,0.00980665
1387,-0.088259846,-9.77723,0.0588399
1411,-0.0784532,-9.796844,0.06864655
1428,-0.10787315,-9.875297,0.00980665
1448,-0.22555295,-9.95375,0.0196133
1467,-0.2941995,-10.0910425,0.0588399
1487,-0.28439283,-9.992976,0.10787315
1508,-0.2353596,-9.914523,0.12748645
1527,-0.17651969,-9.885103,0.088259846
1547,-0.10787315,-9.747809,0.049033247
1567,-0.088259846,-9.77723,-0.0392266
1587,-0.1176798,-10.022396,0.0588399
1608,-0.14709975,-10.120462,0.088259846
1628,-0.2157463,-10.100849,0.1569064
1649,-0.19613299,-10.061623,0.098066494
1664,-0.2549729,-10.022396,0.06864655
1689,-0.2353596,-10.169496,0.0392266
1708,-0.2157463,-10.061623,-0.02941995
1729,-0.18632634,-9.9047165,0.02941995
1748,-0.16671304,-9.92433,-0.02941995
1769,-0.18632634,-9.9047165,0.02941995
1789,-0.18632634,-9.95375,0.0392266
1809,-0.26477954,-10.071429,-0.00980665
1830,-0.2941995,-10.032203,0.06864655
1850,-0.24516624,-9.855683,0.1176798
1870,-0.17651969,-9.738003,-0.0196133
1889,-0.20593965,-9.992976,0.0
1910,-0.2745862,-9.679163,0.0196133
1940,-0.28439283,-10.561762,-0.0196133
1953,-0.2353596,-10.1989155,0.0196133
1977,-0.28439283,-9.63013,0.049033247
1996,-0.2549729,-9.63013,0.0196133
2011,-0.26477954,-10.022396,0.049033247
2031,-0.18632634,-9.561483,0.0196133
2052,-0.10787315,-9.48303,0.049033247
2074,-0.10787315,-9.65955,0.0
2095,-0.18632634,-10.120462,-0.0196133
2112,-0.19613299,-10.149882,0.02941995
2131,-0.30400613,-10.581375,0.0196133
2152,-0.30400613,-10.444082,0.0
2174,-0.26477954,-10.355823,-0.02941995
2195,-0.2157463,-10.277369,-0.1176798
2212,-0.14709975,-10.287175,-0.098066494
2232,-0.0588399,-10.110656,0.0
2252,-0.098066494,-9.885103,0.0784532
2273,-0.1372931,-10.061623,0.1176798
2292,-0.20593965,-10.1989155,0.0392266
2313,-0.26477954,-10.542149,0.049033247
2333,-0.28439283,-10.581375,0.0
2353,-0.2549729,-10.414662,0.0784532
2374,-0.44129923,-11.120741,2.912575
2394,-0.14709975,-10.610795,4.2658925
2413,1.8828768,-10.100849,3.1283212
2433,1.0296983,-9.757616,-0.098066494
2454,-0.12748645,-10.483309,-0.6276256
2479,-1.0395049,-10.973641,-0.19613299
2500,-0.8237586,-11.140354,0.16671304
2517,-0.12748645,-10.699055,0.02941995
2535,1.6965504,-9.296704,0.71588546
2556,2.9321883,-8.875018,3.1577413
2577,0.16671304,-10.699055,-0.98066497
2605,-0.1569064,-10.1989155,-2.0495899
2617,-0.3138128,-10.218529,-1.3925443
2636,-0.5295591,-10.581375,-0.14709975
2657,-0.36284605,-10.542149,0.4511059
2679,-0.28439283,-9.5320635,0.5982056
2700,-0.16671304,-8.669079,0.2157463
2718,-0.088259846,-9.218251,2.6379888
2736,-1.4808041,-10.100849,-0.49033248
2756,-1.1669914,-9.679163,0.951245
2776,-0.60801226,-10.012589,1.0100849
2802,-0.32361946,-10.051816,1.93191
2818,0.2745862,-10.071429,2.687022
2836,-0.2549729,-10.306788,1.3631244
2859,-0.36284605,-10.071429,1.176798
2878,-0.39226598,-10.110656,0.5099458
2899,-0.5491724,-10.306788,-0.5001391
2917,-0.55897903,-10.257755,-0.5001391
2937,-0.588399,-10.100849,-0.24516624
2957,-0.588399,-9.92433,-0.17651969
2978,-0.42168593,-9.83607,-0.00980665
3004,-0.24516624,-9.973363,0.1176798
3018,-0.19613299,-10.100849,-0.0784532
3038,-0.20593965,-10.022396,-0.28439283
3058,-0.3138128,-9.83607,-0.34323275
3079,-0.35303938,-9.98317,-0.35303938
3102,-0.28439283,-10.189109,-0.1569064
3119,-0.20593965,-9.77723,0.0392266
3140,-0.1176798,-9.551677,0.1176798
3160,-0.0784532,-9.63013,0.00980665
3179,-0.10787315,-9.767424,-0.12748645
3201,-0.2157463,-9.943943,-0.20593965
3223,-0.2745862,-10.022396,-0.2353596
3239,-0.3138128,-9.86549,-0.12748645
3262,-0.32361946,-9.875297,0.00980665
3286,-0.26477954,-9.83607,0.049033247
3301,-0.2549729,-9.855683,0.0392266
3320,-0.2353596,-10.130269,-0.0784532
3341,-0.24516624,-10.100849,-0.12748645
3362,-0.2157463,-9.86549,-0.18632634
3384,-0.12748645,-9.816457,-0.18632634
3401,-0.16671304,-9.845877,-0.0784532
3421,-0.17651969,-9.826263,-0.0196133
3441,-0.20593965,-9.83607,0.0392266
3463,-0.22555295,-9.747809,0.0
3486,-0.26477954,-10.002783,-0.1176798
3503,-0.2157463,-10.267562,-0.098066494
3521,-0.1569064,-10.051816,-0.1372931
3542,-0.12748645,-9.649743,-0.00980665
3563,-0.088259846,-9.7183895,0.0392266
3585,-0.1372931,-9.77723,0.02941995
3605,-0.14709975,-9.86549,0.02941995
3623,-0.19613299,-10.169496,0.02941995
3642,-0.20593965,-10.120462,-0.00980665
3664,-0.19613299,-9.757616,0.00980665
3687,-0.19613299,-9.767424,0.06864655
3703,-0.19613299,-9.787037,0.0588399
3723,-0.18632634,-9.679163,0.088259846
3743,-0.16671304,-9.98317,0.10787315
3764,-0.20593965,-10.110656,0.00980665
3785,-0.19613299,-9.796844,0.0392266
3804,-0.2157463,-9.767424,0.0784532
3823,-0.2353596,-9.92433,0.0588399
3843,-0.2157463,-10.061623,0.0
3865,-0.2157463,-10.120462,0.0784532
3887,-0.20593965,-10.100849,0.00980665
3904,-0.2157463,-9.963556,-0.10787315
3924,-0.2353596,-9.943943,0.0588399
3945,-0.24516624,-9.9047165,0.10787315
3964,-0.19613299,-10.0910425,0.0392266
3988,-0.20593965,-10.061623,0.0392266
4006,-0.20593965,-9.98317,0.049033247
4027,-0.20593965,-9.963556,0.0784532
4045,-0.2353596,-9.845877,0.049033247
4066,-0.20593965,-9.787037,0.0196133
4087,-0.22555295,-9.875297,0.0588399
4106,-0.2157463,-9.855683,0.0588399
4125,-0.18632634,-10.238142,0.0196133
4146,-0.20593965,-9.973363,0.0588399
4166,-0.24516624,-9.95375,0.06864655
4188,-0.16671304,-10.0910425,0.06864655
4206,-0.17651969,-10.140076,0.02941995
4226,-0.2157463,-10.149882,0.00980665
4247,-0.20593965,-9.943943,0.00980665
4267,-0.22555295,-9.83607,0.0392266
4290,-0.20593965,-10.100849,0.088259846
4308,-0.2353596,-10.130269,0.088259846
4327,-0.20593965,-9.963556,0.049033247
4348,-0.22555295,-9.89491,-0.00980665
4367,-0.16671304,-10.032203,-0.0392266
4391,-0.18632634,-10.022396,0.0196133
4408,-0.2157463,-10.022396,0.0588399
4428,-0.19613299,-10.071429,0.0784532
4448,-0.17651969,-9.992976,0.00980665
4468,-0.20593965,-9.963556,0.0196133
4490,-0.2157463,-9.973363,-0.088259846
4509,-0.22555295,-10.002783,-0.06864655
4528,-0.22555295,-9.95375,-0.0588399
4551,-0.18632634,-9.885103,-0.049033247
4574,-0.19613299,-9.963556,-0.00980665
4589,-0.20593965,-9.845877,-0.02941995
4609,-0.22555295,-9.973363,-0.049033247
4631,-0.24516624,-10.1989155,-0.0392266
4651,-0.24516624,-10.1989155,-0.098066494
4674,-0.2353596,-9.98317,-0.06864655
4690,-0.19613299,-10.208722,-0.06864655
4710,-0.18632634,-10.032203,0.0196133
4730,-0.16671304,-10.051816,-0.02941995
4752,-0.16671304,-10.051816,-0.00980665
4774,-0.2157463,-10.169496,-0.1176798
4791,-0.22555295,-10.022396,-0.049033247
4811,-0.16671304,-10.061623,-0.0196133
4831,-0.17651969,-10.002783,0.0
4852,-0.20593965,-9.875297,0.00980665
4875,-0.18632634,-9.973363,0.00980665
4891,-0.22555295,-10.169496,-0.02941995
4912,-0.19613299,-10.071429,-0.049033247
4932,-0.20593965,-9.992976,-0.0392266
4952,-0.24516624,-10.081236,-0.0784532
4973,-0.2157463,-10.042009,-0.0392266
5000,-0.22555295,-9.973363,-0.1176798
5012,-0.2353596,-10.032203,-0.098066494
5032,-0.2157463,-10.032203,-0.0392266
5053,-0.2157463,-9.934136,-0.1176798
5075,-0.19613299,-9.885103,-0.098066494
5093,-0.17651969,-9.86549,0.02941995
5113,-0.19613299,-9.95375,-0.02941995
5132,-0.2353596,-9.98317,-0.00980665
5153,-0.22555295,-9.973363,-0.06864655
5175,-0.2353596,-10.042009,-0.0784532
5193,-0.20593965,-9.992976,-0.0392266
5213,-0.18632634,-9.934136,-0.10787315
5236,-0.17651969,-9.826263,0.0
5260,-0.20593965,-9.9047165,-0.088259846
5276,-0.24516624,-9.9047165,-0.088259846
5295,-0.19613299,-10.002783,-0.049033247
5314,-0.17651969,-10.071429,-0.0196133
5334,-0.18632634,-10.042009,-0.0196133
5354,-0.16671304,-10.061623,0.0
5375,-0.2353596,-9.98317,-0.02941995
5395,-0.22555295,-9.973363,-0.10787315
5415,-0.2157463,-10.002783,-0.098066494
5435,-0.20593965,-9.9047165,-0.00980665
5456,-0.2157463,-9.9047165,0.00980665
5477,-0.2157463,-9.973363,0.0196133
5496,-0.22555295,-10.012589,0.02941995
5516,-0.22555295,-10.140076,-0.02941995
5536,-0.26477954,-10.218529,-0.098066494
5556,-0.2353596,-10.228335,-0.0392266
5578,-0.22555295,-10.071429,0.0588399
5596,-0.2353596,-10.032203,0.049033247
5617,-0.20593965,-10.002783,0.0196133
5638,-0.19613299,-9.95375,-0.0196133
5662,-0.2353596,-9.92433,-0.088259846
5678,-0.24516624,-9.9047165,-0.088259846
5697,-0.20593965,-9.816457,-0.00980665
5717,-0.20593965,-9.855683,0.00980665
5738,-0.20593965,-9.885103,0.0392266
5758,-0.2157463,-9.914523,0.02941995
5781,-0.18632634,-9.992976,-0.02941995
5798,-0.2157463,-10.022396,0.0
5819,-0.1569064,-9.86549,-0.06864655
5838,-0.18632634,-9.77723,0.0196133
5861,-0.17651969,-9.89491,-0.0392266
5879,-0.2353596,-10.051816,0.0196133
5899,-0.22555295,-10.061623,0.0392266
5918,-0.2353596,-10.120462,0.00980665
5940,-0.22555295,-10.140076,-0.088259846
5962,-0.20593965,-10.042009,-0.06864655
5979,-0.20593965,-10.051816,-0.049033247
5999,-0.2157463,-10.002783,-0.00980665
6019,-0.24516624,-10.032203,0.0392266
6044,-0.17651969,-10.130269,0.049033247
6062,-0.24516624,-10.189109,0.0
6080,-0.24516624,-10.218529,0.098066494
6099,-0.2549729,-10.051816,-0.049033247
6120,-0.26477954,-10.032203,0.00980665
6140,-0.20593965,-9.914523,-0.06864655
6164,-0.20593965,-9.9047165,0.0392266
6182,-0.24516624,-10.042009,0.0392266
6200,-0.20593965,-10.022396,0.049033247
6221,-0.22555295,-9.98317,-0.0196133
6242,-0.20593965,-10.032203,0.0
6265,-0.2549729,-10.081236,-0.02941995
6281,-0.24516624,-10.218529,0.0
6301,-0.22555295,-10.022396,0.0
6322,-0.20593965,-9.875297,0.02941995
6342,-0.2157463,-9.95375,0.02941995
6365,-0.2157463,-10.002783,0.0588399
6382,-0.2353596,-10.022396,-0.0196133
6402,-0.24516624,-10.071429,0.0196133
6422,-0.26477954,-9.89491,-0.02941995
6443,-0.20593965,-9.9047165,-0.02941995
6465,-0.19613299,-9.92433,-0.00980665
6483,-0.17651969,-9.86549,-0.00980665
6502,-0.2157463,-9.826263,0.0196133
6523,-0.1569064,-9.845877,-0.02941995
6543,-0.2549729,-9.855683,-0.00980665
6563,-0.22555295,-9.875297,-0.0392266
6583,-0.2157463,-9.914523,-0.00980665
6603,-0.2549729,-9.934136,-0.0196133
6623,-0.2157463,-9.9047165,0.00980665
6643,-0.26477954,-9.855683,-0.02941995
6665,-0.17651969,-9.875297,-0.049033247
6684,-0.20593965,-10.061623,-0.06864655
6704,-0.19613299,-10.042009,-0.0588399
6726,-0.2353596,-10.100849,0.0196133
6748,-0.2549729,-10.149882,-0.0588399
6765,-0.2745862,-10.012589,-0.00980665
6784,-0.2157463,-9.973363,-0.0588399
6805,-0.2549729,-10.012589,-0.049033247
6824,-0.2157463,-10.042009,-0.049033247
6844,-0.16671304,-10.081236,-0.02941995
6868,-0.20593965,-10.002783,0.0196133
6885,-0.22555295,-10.022396,-0.0196133
6905,-0.16671304,-10.061623,0.0
6927,-0.18632634,-10.042009,-0.00980665
6949,-0.2353596,-9.992976,0.00980665
6967,-0.2157463,-10.022396,0.0
6985,-0.26477954,-9.943943,0.00980665
7006,-0.22555295,-9.885103,-0.049033247
7027,-0.16671304,-9.796844,-0.0392266
7050,-0.22555295,-9.89491,-0.02941995
7070,-0.2549729,-9.92433,-0.00980665
7086,-0.26477954,-10.022396,0.0196133
7106,-0.2549729,-10.002783,-0.02941995
7128,-0.2157463,-9.992976,0.049033247
7150,-0.20593965,-10.051816,-0.02941995
7168,-0.19613299,-10.120462,0.0
7187,-0.2157463,-10.071429,-0.0588399
7208,-0.19613299,-9.914523,-0.0392266
7228,-0.14709975,-9.973363,-0.049033247
7251,-0.17651969,-10.061623,0.02941995
7269,-0.19613299,-10.081236,-0.0196133
7288,-0.24516624,-10.042009,-0.0196133
7308,-0.26477954,-10.032203,0.0196133
7330,-0.24516624,-10.032203,-0.06864655
7351,-0.26477954,-10.071429,0.00980665
7369,-0.22555295,-9.92433,0.0
7389,-0.20593965,-9.816457,-0.06864655
7409,-0.18632634,-9.77723,-0.049033247
7430,-0.19613299,-9.914523,-0.0392266
7452,-0.2353596,-9.86549,0.0
7469,-0.24516624,-9.845877,-0.02941995
7489,-0.2353596,-9.95375,-0.0196133
7509,-0.19613299,-10.0910425,0.00980665
7529,-0.26477954,-10.100849,-0.0196133
7551,-0.20593965,-9.95375,0.0
7570,-0.17651969,-9.787037,0.06864655
7590,-0.17651969,-9.590903,0.0196133
7610,-0.17651969,-9.375157,-0.088259846
7631,-0.2157463,-9.296704,-0.0196133
7653,-0.2353596,-9.198637,0.02941995
7671,-0.22555295,-9.022118,0.049033247
7691,-0.2549729,-9.149604,0.00980665
7711,-0.28439283,-9.502644,0.0
7731,-0.2745862,-9.708583,-0.00980665
7754,-0.22555295,-9.649743,-0.049033247
7771,-0.17651969,-9.522257,-0.0392266
7791,-0.12748645,-9.54187,-0.049033247
7812,-0.12748645,-9.639936,0.02941995
7831,-0.2353596,-9.875297,-0.02941995
7853,-0.2353596,-10.257755,-0.098066494
7872,-0.30400613,-10.228335,-0.18632634
7892,-0.2745862,-10.179302,-0.1176798
7912,-0.2157463,-10.149882,-0.0196133
7932,-0.14709975,-9.875297,0.0588399
7953,-0.098066494,-9.679163,0.02941995
7972,-0.0784532,-9.855683,0.0
7993,-0.1176798,-9.885103,-0.0784532
8013,-0.14709975,-9.620323,-0.14709975
8033,-0.19613299,-9.384964,-0.049033247
8054,-0.22555295,-9.179024,0.0784532
8073,-0.22555295,-9.110377,0.14709975
8094,-0.22555295,-9.522257,0.1372931
8116,-0.2157463,-10.061623,-0.02941995
8139,-0.22555295,-10.385242,-0.10787315
8155,-0.18632634,-10.0910425,-0.24516624
8174,-0.1569064,-9.698776,-0.12748645
8194,-0.098066494,-10.061623,-0.098066494
8214,-0.16671304,-10.532342,-0.0588399
8234,-0.2549729,-10.542149,0.0196133
8259,-0.26477954,-10.130269,0.0196133
8274,-0.3138128,-10.277369,-0.088259846
8295,-0.30400613,-10.728475,-0.088259846
8315,-0.2941995,-10.640215,-0.0196133
8336,-0.2353596,-10.591182,0.02941995
8360,-0.19613299,-10.561762,0.06864655
8376,-0.16671304,-9.92433,-0.02941995
8396,-0.12748645,-9.708583,0.0196133
8417,-0.098066494,-9.914523,0.049033247
8441,-0.10787315,-9.698776,0.1176798
8458,-0.10787315,-9.738003,0.0588399
8476,-0.17651969,-10.061623,0.0588399
8497,-0.20593965,-9.738003,0.0784532
8518,-0.20593965,-9.747809,0.088259846
8540,-0.17651969,-10.130269,0.098066494
8556,-0.14709975,-10.355823,0.12748645
8577,-0.1176798,-10.346016,0.088259846
8597,-0.18632634,-10.414662,-0.0392266
8616,-0.19613299,-9.963556,-0.14709975
8638,-0.2745862,-9.522257,-0.16671304
8660,-0.3334261,-9.728196,-0.00980665
8677,-0.32361946,-10.061623,0.088259846
8697,-0.35303938,-10.1989155,0.18632634
8719,-0.34323275,-10.130269,0.049033247
8741,-0.30400613,-9.992976,0.0196133
8758,-0.2353596,-10.032203,-0.0392266
8778,-0.26477954,-10.247949,-0.049033247
8798,-0.16671304,-10.120462,0.098066494
8819,-0.1569064,-10.306788,0.14709975
8842,-0.18632634,-10.385242,0.17651969
8861,-0.26477954,-10.375436,0.0588399
8881,-0.24516624,-10.365629,-0.0588399
8899,-0.2353596,-10.924608,-0.10787315
8919,-0.22555295,-10.973641,-0.0392266
8943,-0.24516624,-10.483309,-0.02941995
8959,-0.18632634,-10.120462,-0.02941995
8979,-0.1569064,-10.5715685,-0.0784532
8999,-0.088259846,-11.316874,-0.12748645
9020,-0.098066494,-11.189387,-0.0588399
9046,-0.00980665,-10.365629,-0.0392266
9064,-0.00980665,-9.610517,0.02941995
9080,-0.049033247,-9.257478,0.00980665
9100,-0.1569064,-9.345737,0.00980665
9120,-0.24516624,-9.502644,0.10787315
9143,-0.35303938,-10.0910425,0.18632634
9160,-0.38245934,-10.277369,0.2549729
9180,-0.3334261,-10.081236,0.0784532
9201,-0.2353596,-9.914523,0.02941995
9220,-0.1569064,-9.875297,-0.0784532
9248,-0.10787315,-10.130269,-0.1569064
9264,-0.088259846,-10.326403,-0.18632634
9281,-0.1372931,-9.875297,-0.06864655
9301,-0.1569064,-9.54187,0.02941995
9324,-0.2353596,-9.48303,0.16671304
9342,-0.30400613,-9.787037,0.18632634
9362,-0.30400613,-9.95375,0.19613299
9382,-0.2549729,-9.826263,0.0588399
9403,-0.14709975,-10.110656,0.0196133
9423,-0.10787315,-10.022396,-0.088259846
9446,-0.06864655,-9.767424,-0.0392266
9466,-0.098066494,-9.943943,0.0392266
9484,-0.20593965,-10.032203,0.00980665
9506,-0.32361946,-10.375436,0.098066494
9527,-0.3138128,-10.169496,0.049033247
9544,-0.2353596,-10.1989155,0.02941995
9564,-0.17651969,-10.247949,0.088259846
9584,-0.0784532,-10.1989155,0.06864655
9605,-0.10787315,-10.208722,0.0588399
9630,-0.17651969,-10.718668,0.0588399
9645,-0.24516624,-10.650022,0.0196133
9665,-0.32361946,-11.061901,0.1176798
9686,-0.30400613,-11.41494,0.18632634
9706,-0.3334261,-11.552234,0.0784532
9730,-0.2941995,-11.669913,-0.0588399
9747,-0.2941995,-10.630408,-0.06864655
9766,-0.2157463,-9.845877,-0.10787315
9786,-0.1176798,-9.139797,0.0392266
9806,-0.06864655,-9.277091,0.19613299
9829,-0.1176798,-9.77723,0.2549729
9846,-0.2745862,-10.051816,0.14709975
9866,-0.40207264,-10.140076,-0.0588399
9887,-0.4118793,-10.287175,-0.1372931
9907,-0.2745862,-10.502922,-0.06864655
9930,-0.1176798,-10.826541,0.06864655
9947,-0.0392266,-10.708861,0.2157463
9967,-0.0392266,-10.306788,0.17651969
9988,-0.16671304,-10.130269,0.02941995
10008,-0.24516624,-9.51245,-0.06864655
10031,-0.26477954,-9.100571,0.0392266
10047,-0.20593965,-8.894631,0.1372931
10067,-0.1569064,-8.767145,0.22555295
10089,-0.14709975,-8.737725,0.2745862
10109,-0.20593965,-9.267284,0.12748645
10130,-0.2157463,-9.581097,0.00980665
10148,-0.22555295,-9.4241905,0.0196133
10168,-0.1569064,-9.394771,0.0784532
10190,-0.18632634,-9.698776,0.14709975
10213,-0.12748645,-9.68897,0.2157463
10231,-0.20593965,-9.728196,0.19613299
10249,-0.26477954,-9.855683,0.0784532
10269,-0.2353596,-9.83607,-0.00980665
10289,-0.2157463,-9.787037,0.049033247
10309,-0.2549729,-10.247949,0.1372931
10331,-0.22555295,-10.826541,0.1176798
10350,-0.22555295,-11.003061,0.12748645
10370,-0.19613299,-10.826541,0.0588399
10392,-0.14709975,-10.728475,0.0392266
10414,-0.19613299,-10.875574,-0.02941995
10433,-0.17651969,-10.855961,-0.0588399
10450,-0.24516624,-10.826541,0.02941995
10470,-0.24516624,-10.973641,0.00980665
10490,-0.24516624,-11.032481,0.06864655
10510,-0.28439283,-10.767701,0.00980665
10533,-0.2745862,-10.208722,-0.12748645
10550,-0.26477954,-9.610517,-0.2353596
10571,-0.19613299,-9.610517,-0.1372931
10591,-0.088259846,-9.57129,-0.0784532
10611,-0.0588399,-9.316318,0.14709975
10633,-0.02941995,-9.375157,0.2157463
10651,-0.10787315,-9.610517,0.1176798
10671,-0.19613299,-10.032203,-0.098066494
10695,-0.30400613,-10.355823,-0.1569064
10717,-0.2941995,-10.375436,-0.20593965
10733,-0.2157463,-10.169496,0.02941995
10752,-0.10787315,-9.89491,0.16671304
10773,-0.10787315,-9.326124,0.24516624
10788,-0.10787315,-9.247671,0.0784532
10812,-0.12748645,-9.57129,0.0392266
10833,-0.17651969,-10.081236,0.0
10853,-0.20593965,-10.100849,0.06864655
10873,-0.2157463,-9.9047165,0.00980665
10894,-0.2549729,-9.796844,0.098066494
10917,-0.26477954,-9.7183895,0.0784532
10933,-0.24516624,-9.68897,0.0588399
10953,-0.19613299,-9.610517,0.049033247
10973,-0.19613299,-9.747809,0.02941995
11003,-0.2157463,-9.7183895,-0.00980665
11019,-0.22555295,-9.816457,0.00980665
11034,-0.26477954,-10.081236,0.00980665
11054,-0.2157463,-10.267562,0.088259846
11074,-0.19613299,-10.140076,0.06864655
11095,-0.1372931,-9.973363,0.00980665
11118,-0.1569064,-10.022396,-0.00980665
11134,-0.1372931,-10.189109,-0.0784532
11154,-0.10787315,-10.287175,0.0
11176,-0.10787315,-10.522535,0.0588399
11196,-0.12748645,-10.267562,-0.00980665
11218,-0.16671304,-9.973363,-0.16671304
11235,-0.16671304,-9.286898,-0.1569064
11255,-0.1569064,-9.169217,-0.088259846
11276,-0.088259846,-9.375157,-0.0784532
11296,-0.098066494,-9.757616,0.049033247
11318,-0.1176798,-10.051816,0.1176798
11336,-0.17651969,-10.149882,-0.0392266
11356,-0.20593965,-10.218529,-0.24516624
11377,-0.18632634,-10.267562,-0.24516624
11397,-0.1372931,-10.257755,-0.098066494
11420,-0.1176798,-10.306788,0.098066494
11437,-0.1176798,-10.267562,0.12748645
11457,-0.1569064,-10.140076,0.088259846
11477,-0.20593965,-10.365629,-0.0784532
11497,-0.2549729,-10.287175,-0.1569064
11521,-0.22555295,-10.257755,-0.12748645
11569,-0.19613299,-10.336209,-0.049033247
11569,-0.17651969,-10.247949,0.049033247
11578,-0.1372931,-10.071429,0.1176798
11603,-0.14709975,-9.973363,0.06864655
11619,-0.17651969,-9.845877,-0.0196133
11639,-0.24516624,-10.032203,-0.098066494
11656,-0.32361946,-10.189109,-0.19613299
11678,-0.3138128,-10.120462,-0.0588399
11698,-0.2745862,-10.100849,0.0
11718,-0.24516624,-9.943943,0.02941995
11738,-0.20593965,-9.796844,0.00980665
11758,-0.20593965,-9.855683,-0.0588399
11778,-0.19613299,-9.83607,-0.14709975
11798,-0.2353596,-10.100849,-0.19613299
11819,-0.24516624,-10.316595,-0.0784532
11839,-0.28439283,-10.0910425,-0.02941995
11859,-0.2941995,-10.149882,0.0196133
11879,-0.24516624,-10.296982,-0.12748645
11899,-0.2353596,-10.287175,-0.16671304
11919,-0.2157463,-9.973363,-0.2353596
11940,-0.19613299,-9.68897,-0.12748645
11960,-0.14709975,-9.65955,-0.0588399
11981,-0.16671304,-9.747809,0.06864655
12000,-0.17651969,-9.86549,0.0
12020,-0.26477954,-10.051816,-0.088259846
12040,-0.24516624,-10.267562,-0.1176798
12060,-0.2549729,-10.296982,-0.2157463
12083,-0.17651969,-10.169496,-0.17651969
12103,-0.14709975,-10.071429,-0.12748645
12124,-0.10787315,-10.022396,-0.00980665
12141,-0.10787315,-9.95375,0.00980665
12161,-0.16671304,-9.992976,-0.06864655
12181,-0.17651969,-9.86549,-0.1176798
12201,-0.16671304,-9.914523,-0.02941995
12222,-0.18632634,-9.963556,0.10787315
12242,-0.19613299,-9.83607,0.02941995
12261,-0.1176798,-9.83607,0.049033247
12283,-0.16671304,-9.914523,0.0392266
12307,-0.18632634,-9.92433,-0.00980665
12322,-0.14709975,-9.7183895,-0.06864655
12342,-0.20593965,-9.747809,-0.0196133
12363,-0.16671304,-9.86549,0.06864655
12384,-0.14709975,-9.9047165,0.0
12409,-0.20593965,-10.159689,0.0392266
12426,-0.2353596,-10.130269,0.1176798
12443,-0.22555295,-10.071429,-0.0196133
12464,-0.2157463,-10.130269,-0.02941995
12486,-0.1372931,-9.914523,-0.0196133
12506,-0.1569064,-10.032203,0.10787315
12526,-0.16671304,-10.169496,0.0784532
12544,-0.20593965,-10.267562,-0.0196133
12564,-0.28439283,-10.316595,-0.098066494
12586,-0.2941995,-10.257755,-0.0588399
12610,-0.2941995,-10.042009,-0.0196133
12626,-0.2157463,-9.855683,0.0392266
12644,-0.20593965,-9.787037,0.0588399
12664,-0.1569064,-9.747809,0.12748645
12685,-0.20593965,-9.943943,0.1176798
12707,-0.24516624,-9.943943,0.02941995
12725,-0.3334261,-10.051816,0.0
12744,-0.32361946,-10.287175,0.0588399
12798,-0.2941995,-10.355823,0.12748645
12801,-0.2157463,-10.346016,0.12748645
12811,-0.24516624,-10.296982,0.0196133
12828,-0.19613299,-10.100849,0.0
12846,-0.1176798,-9.943943,-0.0196133
12865,-0.1372931,-9.816457,0.02941995
12885,-0.1569064,-9.787037,-0.00980665
12906,-0.22555295,-9.9047165,0.06864655
12926,-0.26477954,-9.98317,0.0784532
12946,-0.2549729,-10.0910425,0.1176798
12966,-0.2745862,-10.149882,0.088259846
12987,-0.22555295,-10.120462,0.098066494
13007,-0.2353596,-10.032203,0.0196133
13027,-0.12748645,-9.92433,0.0392266
13047,-0.10787315,-9.943943,0.0588399
13067,-0.16671304,-9.885103,0.0
13087,-0.14709975,-9.885103,-0.0196133
13108,-0.20593965,-9.963556,0.0196133
13128,-0.2549729,-9.95375,0.02941995
13148,-0.19613299,-10.002783,0.049033247
13173,-0.2157463,-9.855683,0.088259846
13191,-0.18632634,-9.943943,0.0196133
13214,-0.16671304,-9.943943,0.02941995
13228,-0.1569064,-9.92433,0.0196133
13248,-0.16671304,-9.963556,0.00980665
13270,-0.18632634,-10.071429,0.06864655
13293,-0.22555295,-10.130269,0.0392266
13313,-0.2157463,-9.992976,0.0588399
13329,-0.24516624,-9.98317,0.049033247
13349,-0.22555295,-10.051816,0.0588399
13372,-0.24516624,-10.081236,0.0392266
13399,-0.2157463,-9.963556,-0.049033247
13416,-0.20593965,-9.92433,-0.049033247
13433,-0.22555295,-9.992976,0.0196133
13450,-0.17651969,-10.081236,0.088259846
13472,-0.24516624,-10.022396,0.088259846
13499,-0.2549729,-10.169496,-0.00980665
13515,-0.26477954,-10.336209,0.02941995
13531,-0.22555295,-10.306788,-0.06864655
13553,-0.24516624,-10.316595,-0.0784532
13572,-0.2745862,-10.277369,0.02941995
13600,-0.2157463,-10.120462,0.0196133
13621,-0.18632634,-9.816457,0.00980665
13634,-0.2353596,-9.855683,-0.00980665
13652,-0.20593965,-9.885103,0.00980665
13673,-0.2353596,-9.855683,0.00980665
13699,-0.2157463,-9.934136,0.0
13714,-0.2353596,-9.943943,-0.06864655
13732,-0.2157463,-10.022396,-0.0196133
13753,-0.20593965,-10.042009,-0.049033247
13773,-0.2549729,-10.071429,-0.06864655
13798,-0.22555295,-10.189109,0.0392266
13820,-0.16671304,-10.071429,0.0588399
13833,-0.19613299,-9.992976,0.00980665
13853,-0.2157463,-9.855683,0.02941995
13875,-0.19613299,-9.581097,-0.1176798
13899,-0.2353596,-9.365351,-0.0196133
13917,-0.1569064,-9.355544,0.06864655
13935,-0.1176798,-9.610517,0.06864655
13954,-0.17651969,-9.95375,0.1372931
13974,-0.19613299,-10.120462,0.049033247
13999,-0.19613299,-10.179302,-0.049033247
14014,-0.2157463,-10.238142,-0.02941995
14034,-0.18632634,-10.189109,0.0392266
14054,-0.17651969,-9.973363,0.0392266
14074,-0.18632634,-9.845877,0.1372931
14101,-0.19613299,-9.95375,0.1372931
14116,-0.2353596,-9.973363,0.049033247
14136,-0.2353596,-10.169496,0.0196133
14155,-0.26477954,-10.228335,-0.02941995
14177,-0.2941995,-10.169496,-0.1176798
14200,-0.22555295,-10.149882,-0.02941995
14217,-0.2353596,-10.208722,0.00980665
14236,-0.2353596,-10.208722,0.0588399
14256,-0.19613299,-10.267562,0.0392266
14285,-0.24516624,-10.277369,-0.06864655
14302,-0.22555295,-10.110656,-0.0392266
14317,-0.2157463,-9.98317,-0.0196133
14336,-0.20593965,-9.89491,0.0196133
14361,-0.19613299,-9.89491,0.0588399
14384,-0.19613299,-9.86549,0.02941995
14401,-0.16671304,-9.934136,0.00980665
14417,-0.22555295,-10.022396,-0.0392266
14437,-0.20593965,-9.992976,-0.16671304
14462,-0.20593965,-9.875297,-0.1176798
14484,-0.1569064,-9.757616,-0.0196133
14500,-0.20593965,-9.89491,-0.0196133
14518,-0.16671304,-9.914523,-0.02941995
14538,-0.20593965,-10.012589,-0.0392266
14565,-0.18632634,-10.002783,-0.0588399
14584,-0.2353596,-10.012589,-0.0784532
14602,-0.20593965,-9.973363,-0.02941995
14618,-0.18632634,-9.855683,-0.0196133
14638,-0.19613299,-9.787037,-0.0392266
14662,-0.1569064,-10.042009,0.00980665
14685,-0.2157463,-9.9047165,0.0196133
14705,-0.18632634,-9.816457,-0.0392266
14719,-0.20593965,-9.767424,-0.02941995
14739,-0.2157463,-9.83607,0.00980665
14759,-0.22555295,-9.95375,0.06864655
14779,-0.22555295,-10.071429,0.06864655
14800,-0.2941995,-10.140076,0.049033247
14820,-0.22555295,-10.061623,0.049033247
14840,-0.20593965,-9.973363,-0.00980665
14860,-0.16671304,-10.002783,-0.049033247
14886,-0.19613299,-10.022396,0.049033247
14902,-0.20593965,-10.120462,0.0588399
14920,-0.17651969,-10.071429,-0.00980665
14941,-0.22555295,-10.140076,0.0196133
14962,-0.22555295,-10.140076,-0.0392266
14984,-0.2353596,-10.257755,0.0
15001,-0.2353596,-10.277369,0.06864655
15021,-0.18632634,-10.189109,0.049033247
15041,-0.19613299,-10.159689,-0.0196133
15062,-0.18632634,-10.012589,0.0
15084,-0.2157463,-9.77723,-0.049033247
15101,-0.24516624,-9.934136,-0.10787315
15122,-0.19613299,-9.787037,0.0
15141,-0.2353596,-9.95375,0.0
15162,-0.26477954,-10.061623,0.0588399
15183,-0.22555295,-10.110656,-0.0196133
15202,-0.2353596,-10.081236,-0.0784532
15223,-0.22555295,-10.081236,-0.0392266
15243,-0.19613299,-9.934136,0.049033247
15263,-0.18632634,-9.885103,0.049033247
15287,-0.20593965,-10.002783,0.06864655
15308,-0.1372931,-10.032203,0.02941995
15323,-0.17651969,-10.453889,0.0196133
15343,-0.24516624,-10.610795,-0.0784532
15363,-0.24516624,-10.689248,-0.049033247
15383,-0.26477954,-10.855961,0.0
15403,-0.19613299,-10.826541,0.0392266
15424,-0.17651969,-10.581375,0.0784532
15444,-0.20593965,-10.346016,0.0588399
15464,-0.22555295,-10.238142,0.049033247
15488,-0.22555295,-10.581375,0.0196133
15505,-0.26477954,-10.493115,0.049033247
15525,-0.28439283,-10.316595,0.0588399
15548,-0.26477954,-10.012589,0.06864655
15570,-0.19613299,-10.326403,0.1176798
15585,-0.17651969,-10.542149,0.0196133
15605,-0.16671304,-10.355823,-0.049033247
15626,-0.20593965,-10.600988,-0.00980665
15647,-0.24516624,-10.306788,-0.049033247
15673,-0.28439283,-9.845877,0.00980665
15688,-0.26477954,-10.208722,0.02941995
15706,-0.24516624,-9.943943,0.088259846
15726,-0.17651969,-10.159689,-0.00980665
15747,-0.20593965,-10.346016,-0.0784532
15767,-0.2353596,-10.169496,-0.0784532
15788,-0.20593965,-10.189109,-0.10787315
15806,-0.2549729,-10.189109,-0.00980665
15826,-0.19613299,-10.032203,0.0588399
15849,-0.17651969,-10.140076,0.00980665
15872,-0.26477954,-10.816734,-0.049033247
15889,-0.22555295,-10.414662,-0.0784532
15907,-0.24516624,-9.885103,-0.06864655
15928,-0.2157463,-9.590903,0.0196133
15952,-0.1569064,-9.45361,0.10787315
15979,-0.18632634,-9.816457,0.1372931
15989,-0.16671304,-10.287175,0.0784532
16008,-0.16671304,-10.159689,0.0196133
16029,-0.1372931,-10.296982,-0.049033247
16050,-0.16671304,-9.787037,-0.00980665
16072,-0.10787315,-9.355544,0.088259846
16092,-0.1569064,-10.179302,0.0392266
16109,-0.2745862,-10.561762,-0.10787315
16130,-0.39226598,-10.385242,-0.1372931
16151,-0.3334261,-10.081236,-0.098066494
16171,-0.2941995,-9.816457,0.0
16189,-0.18632634,-9.414384,0.1176798
16209,-0.10787315,-9.5320635,0.1372931
16230,-0.12748645,-9.463417,0.0196133
16250,-0.19613299,-9.767424,-0.088259846
16273,-0.2157463,-9.934136,-0.2157463
16293,-0.22555295,-10.140076,-0.1372931
16310,-0.2941995,-10.179302,-0.1569064
16331,-0.26477954,-10.061623,0.06864655
16351,-0.26477954,-9.86549,0.088259846
16375,-0.20593965,-9.747809,0.02941995
16391,-0.16671304,-9.679163,-0.098066494
16411,-0.16671304,-9.60071,-0.16671304
16432,-0.20593965,-9.679163,-0.19613299
16451,-0.20593965,-9.63013,-0.18632634
16473,-0.18632634,-9.267284,0.00980665
16491,-0.22555295,-9.257478,0.0392266
16512,-0.24516624,-9.463417,0.00980665
16532,-0.30400613,-9.747809,0.0196133
16552,-0.26477954,-9.63013,-0.22555295
16574,-0.2549729,-9.698776,-0.2353596
16592,-0.22555295,-9.826263,-0.1569064
16612,-0.2157463,-9.767424,-0.10787315
16633,-0.1176798,-9.796844,0.049033247
16653,-0.19613299,-9.9047165,0.049033247
16675,-0.20593965,-10.051816,-0.02941995
16693,-0.2745862,-10.120462,-0.1176798
16713,-0.2941995,-10.100849,-0.1569064
16734,-0.26477954,-9.787037,-0.16671304
16753,-0.2353596,-9.649743,0.0
16776,-0.19613299,-9.747809,0.088259846
16794,-0.17651969,-9.649743,0.098066494
16814,-0.2353596,-9.620323,0.02941995
16834,-0.2549729,-9.845877,-0.06864655
16854,-0.2353596,-10.042009,-0.0588399
16877,-0.2745862,-10.071429,-0.14709975
16894,-0.2549729,-10.218529,-0.06864655
16914,-0.2157463,-10.051816,-0.0392266
16936,-0.19613299,-9.914523,-0.00980665
16960,-0.17651969,-9.9047165,0.0196133
16977,-0.20593965,-9.83607,0.02941995
16995,-0.2549729,-9.80665,-0.02941995
17017,-0.20593965,-9.669356,-0.049033247
17035,-0.22555295,-9.943943,0.0196133
17055,-0.16671304,-9.963556,0.0392266
17076,-0.24516624,-9.80665,0.098066494
17095,-0.18632634,-9.679163,0.0196133
17116,-0.20593965,-9.698776,0.00980665
17138,-0.24516624,-9.914523,-0.098066494
17161,-0.16671304,-10.110656,-0.098066494
17176,-0.2157463,-10.238142,-0.0196133
17196,-0.19613299,-10.238142,0.0196133
17217,-0.20593965,-10.100849,-0.0588399
17238,-0.22555295,-10.238142,-0.06864655
17260,-0.3138128,-10.238142,-0.088259846
17278,-0.3138128,-10.189109,-0.14709975
17297,-0.30400613,-10.395049,-0.0392266
17318,-0.30400613,-10.140076,0.0196133
17338,-0.2157463,-9.86549,0.049033247
17362,-0.18632634,-9.669356,0.0196133
17379,-0.17651969,-9.590903,-0.00980665
17398,-0.24516624,-9.5320635,-0.1176798
17418,-0.26477954,-9.845877,-0.049033247
17439,-0.2941995,-10.032203,-0.0392266
17462,-0.24516624,-9.738003,0.0588399
17479,-0.16671304,-9.590903,0.18632634
17498,-0.20593965,-9.65955,0.10787315
17519,-0.2157463,-9.7183895,0.0
17539,-0.20593965,-9.787037,-0.0784532
17561,-0.19613299,-9.98317,-0.088259846
17579,-0.17651969,-10.002783,0.00980665
17599,-0.16671304,-9.855683,0.0784532
17619,-0.18632634,-10.012589,0.02941995
17641,-0.26477954,-10.051816,-0.02941995
17662,-0.3138128,-10.061623,-0.098066494
17679,-0.26477954,-10.0910425,-0.0392266
17700,-0.22555295,-10.169496,-0.02941995
17720,-0.20593965,-10.002783,0.0
17741,-0.18632634,-10.071429,-0.0588399
17762,-0.18632634,-10.179302,-0.098066494
17780,-0.20593965,-10.012589,-0.0392266
17801,-0.2353596,-10.120462,-0.0588399
17821,-0.2353596,-10.208722,0.0196133
17842,-0.26477954,-9.934136,-0.00980665
17865,-0.24516624,-9.796844,-0.00980665
17881,-0.17651969,-9.757616,-0.0784532
17901,-0.24516624,-9.65955,-0.0392266
17921,-0.22555295,-9.561483,-0.088259846
17942,-0.19613299,-9.60071,0.049033247
17963,-0.17651969,-9.473224,0.1176798
17983,-0.20593965,-9.492837,0.0588399
18002,-0.2353596,-9.60071,0.049033247
18022,-0.22555295,-9.649743,0.0
18044,-0.2353596,-9.5320635,0.0
18064,-0.22555295,-9.375157,0.0196133
18082,-0.22555295,-9.4241905,0.088259846
18103,-0.20593965,-9.5320635,0.06864655
18124,-0.18632634,-9.7183895,0.049033247
18147,-0.2157463,-9.679163,0.0196133
18163,-0.19613299,-9.63013,-0.0588399
18183,-0.2157463,-9.992976,-0.02941995
18203,-0.22555295,-10.179302,-0.049033247
18226,-0.28439283,-10.326403,-0.0392266
18247,-0.30400613,-10.404856,-0.0588399
18265,-0.24516624,-10.277369,-0.0588399
18283,-0.22555295,-10.051816,-0.049033247
18305,-0.2157463,-9.855683,-0.049033247
18325,-0.17651969,-9.728196,-0.0588399
18348,-0.22555295,-9.875297,-0.098066494
18364,-0.19613299,-9.796844,-0.0588399
18385,-0.20593965,-9.57129,-0.0784532
18405,-0.20593965,-9.551677,-0.049033247
18427,-0.20593965,-9.463417,0.0196133
18449,-0.24516624,-9.45361,0.02941995
18466,-0.20593965,-9.48303,0.0588399
18485,-0.18632634,-9.669356,0.0392266
18506,-0.24516624,-9.669356,-0.10787315
18527,-0.20593965,-9.708583,-0.0392266
18549,-0.20593965,-9.845877,-0.0392266
18566,-0.17651969,-9.89491,-0.0588399
18586,-0.20593965,-9.95375,0.0196133
18606,-0.17651969,-10.0910425,0.0196133
18628,-0.19613299,-10.149882,-0.088259846
18652,-0.24516624,-10.071429,-0.088259846
18670,-0.2353596,-10.189109,-0.1372931
18687,-0.2941995,-10.208722,-0.06864655
18707,-0.20593965,-9.9047165,0.0
18727,-0.2353596,-9.816457,-0.00980665
18752,-0.2549729,-9.92433,-0.0196133
18769,-0.2549729,-9.669356,0.0
18788,-0.26477954,-9.669356,-0.049033247
18808,-0.2353596,-9.698776,-0.0196133
18827,-0.2157463,-9.590903,-0.0196133
18853,-0.2353596,-9.4241905,0.00980665
18868,-0.24516624,-9.492837,-0.049033247
18888,-0.24516624,-9.757616,-0.0392266
18908,-0.2353596,-9.80665,-0.0392266
18930,-0.2157463,-9.708583,0.0
18955,-0.22555295,-9.708583,-0.00980665
18969,-0.17651969,-9.679163,-0.06864655
18989,-0.24516624,-9.679163,-0.0784532
19008,-0.2157463,-9.738003,-0.0588399
19029,-0.2353596,-9.796844,-0.06864655
19053,-0.2157463,-9.738003,-0.0588399
19069,-0.16671304,-9.68897,0.0196133
19089,-0.2157463,-9.747809,-0.00980665
19110,-0.19613299,-9.738003,0.00980665
19130,-0.16671304,-9.65955,0.02941995
19151,-0.19613299,-9.92433,-0.0588399
19170,-0.1569064,-9.9047165,0.0
19191,-0.22555295,-9.738003,0.0196133
19211,-0.22555295,-9.9047165,0.0196133
19234,-0.20593965,-10.012589,-0.02941995
19251,-0.2549729,-10.002783,-0.049033247
19271,-0.26477954,-9.963556,0.00980665
19291,-0.26477954,-10.032203,-0.049033247
19312,-0.24516624,-9.845877,0.02941995
19331,-0.20593965,-9.826263,0.02941995
19352,-0.19613299,-9.934136,-0.098066494
19372,-0.18632634,-9.708583,-0.0196133
19392,-0.2157463,-9.492837,-0.0588399
19413,-0.17651969,-9.502644,-0.0392266
19437,-0.24516624,-9.581097,-0.00980665
19453,-0.26477954,-9.679163,-0.0588399
19472,-0.2745862,-9.698776,-0.0588399
19492,-0.28439283,-9.708583,-0.00980665
19514,-0.2549729,-9.796844,-0.02941995
19538,-0.22555295,-9.581097,0.0196133
19553,-0.20593965,-9.473224,-0.00980665
19573,-0.17651969,-9.590903,-0.02941995
19593,-0.19613299,-9.669356,-0.0196133
19614,-0.24516624,-9.63013,0.0196133
19637,-0.2353596,-9.708583,0.02941995
19654,-0.28439283,-10.061623,0.02941995
19674,-0.2549729,-10.051816,-0.00980665
19694,-0.22555295,-10.120462,-0.02941995
19715,-0.22555295,-9.98317,-0.00980665
19737,-0.16671304,-9.92433,0.0392266
19754,-0.16671304,-9.963556,-0.0392266
19774,-0.17651969,-9.992976,0.0
19794,-0.20593965,-9.98317,-0.00980665
19815,-0.19613299,-9.885103,-0.0784532
19840,-0.24516624,-9.757616,0.0
19858,-0.2353596,-9.63013,0.02941995
19876,-0.2549729,-9.610517,-0.0196133
19896,-0.2549729,-9.679163,-0.088259846
19916,-0.2353596,-9.747809,-0.0588399
19939,-0.19613299,-9.767424,-0.0392266
19956,-0.19613299,-9.708583,0.049033247
19976,-0.20593965,-9.83607,0.02941995
19996,-0.2157463,-9.816457,0.0196133
20017,-0.2353596,-9.826263,-0.0588399
20038,-0.2157463,-9.80665,-0.0784532
20056,-0.26477954,-9.787037,0.00980665
20076,-0.2157463,-9.796844,0.049033247
20097,-0.26477954,-9.708583,0.088259846
20117,-0.2157463,-9.757616,0.0
20138,-0.1569064,-9.855683,-0.0196133
20158,-0.2353596,-9.95375,-0.0392266
20178,-0.22555295,-9.9047165,-0.06864655
20198,-0.20593965,-9.9047165,-0.049033247
20218,-0.17651969,-9.963556,-0.0392266
20242,-0.2157463,-10.002783,-0.088259846
20258,-0.18632634,-10.434276,-0.0588399
20278,-0.2549729,-10.257755,0.0
20298,-0.20593965,-10.081236,-0.0196133
20321,-0.20593965,-9.992976,0.0
20340,-0.2353596,-10.002783,-0.00980665
20359,-0.24516624,-9.875297,-0.0392266
20379,-0.20593965,-9.885103,-0.0588399
20401,-0.2353596,-9.943943,0.00980665
20420,-0.19613299,-9.83607,-0.00980665
20439,-0.22555295,-9.708583,0.0392266
20468,-0.20593965,-9.83607,0.02941995
20479,-0.24516624,-9.80665,-0.0196133
20500,-0.2353596,-9.60071,-0.088259846
20524,-0.18632634,-9.60071,-0.0196133
20539,-0.19613299,-9.561483,0.0392266
20560,-0.2353596,-9.443804,0.0784532
20580,-0.2549729,-9.639936,0.049033247
20600,-0.22555295,-9.826263,-0.049033247
20620,-0.2549729,-9.796844,-0.0392266
20640,-0.2745862,-10.022396,-0.0784532
20660,-0.2353596,-10.110656,-0.0588399
20681,-0.22555295,-10.002783,0.0392266
20701,-0.20593965,-10.002783,0.088259846
20721,-0.19613299,-10.130269,0.049033247
20741,-0.19613299,-10.169496,-0.0196133
20761,-0.2157463,-10.169496,-0.0784532
20781,-0.24516624,-10.100849,-0.098066494
20803,-0.20593965,-10.130269,-0.0196133
20826,-0.22555295,-10.218529,-0.0392266
20842,-0.2157463,-10.0910425,-0.0588399
20862,-0.20593965,-10.110656,-0.0392266
20884,-0.2157463,-10.120462,-0.049033247
20904,-0.2157463,-10.100849,-0.0392266
20927,-0.2353596,-10.032203,-0.098066494
20944,-0.24516624,-9.826263,-0.02941995
20962,-0.2353596,-9.826263,-0.00980665
20983,-0.20593965,-9.787037,0.02941995
21004,-0.22555295,-9.80665,0.0392266
21027,-0.2549729,-9.826263,-0.00980665
21045,-0.2353596,-9.816457,-0.049033247
21063,-0.2353596,-9.885103,-0.0392266
21083,-0.2353596,-9.875297,0.0588399
21104,-0.20593965,-9.973363,-0.0196133
21131,-0.20593965,-9.973363,0.00980665
21146,-0.18632634,-9.98317,-0.0196133
21163,-0.24516624,-10.071429,0.0196133
21183,-0.17651969,-10.296982,0.0
21204,-0.24516624,-10.1989155,-0.06864655
21224,-0.2353596,-10.189109,0.0196133
21244,-0.2549729,-10.1989155,-0.00980665
21264,-0.2353596,-10.267562,-0.0588399
21285,-0.24516624,-10.316595,0.0
21304,-0.2353596,-10.0910425,-0.02941995
21325,-0.22555295,-10.0910425,-0.0196133
21345,-0.2353596,-10.120462,0.00980665
21365,-0.2353596,-10.012589,-0.00980665
21385,-0.24516624,-10.071429,-0.02941995
21405,-0.2353596,-10.110656,-0.00980665
21425,-0.2157463,-9.885103,0.0
21446,-0.19613299,-9.77723,0.0
21465,-0.18632634,-9.80665,0.00980665
21486,-0.2549729,-9.77723,-0.1176798
21506,-0.2157463,-9.77723,-0.02941995
21526,-0.2353596,-9.89491,0.02941995
21547,-0.2353596,-9.963556,0.0
21566,-0.22555295,-9.95375,-0.0196133
21586,-0.22555295,-9.963556,-0.049033247
21607,-0.2157463,-10.042009,-0.02941995
21627,-0.22555295,-10.140076,0.0196133
21647,-0.19613299,-10.042009,-0.02941995
21667,-0.16671304,-10.002783,0.0392266
21687,-0.19613299,-9.92433,0.0196133
21707,-0.2157463,-9.86549,-0.00980665
21727,-0.24516624,-10.002783,-0.0588399
21748,-0.30400613,-10.0910425,0.0
21768,-0.20593965,-10.110656,-0.00980665
21788,-0.2549729,-10.081236,-0.02941995
21808,-0.22555295,-9.992976,-0.0784532
21828,-0.18632634,-9.9047165,-0.0588399
21848,-0.16671304,-9.885103,-0.0588399
21869,-0.18632634,-9.914523,-0.0196133
21890,-0.24516624,-10.130269,-0.088259846
21909,-0.2549729,-10.149882,-0.0588399
21929,-0.26477954,-10.0910425,0.0
21949,-0.2549729,-9.9047165,-0.0588399
21969,-0.2549729,-9.816457,-0.00980665
21989,-0.2157463,-9.9047165,-0.0588399
22009,-0.19613299,-9.92433,-0.06864655
22029,-0.2353596,-9.826263,-0.0588399
22050,-0.2157463,-9.934136,-0.0196133
22070,-0.24516624,-10.061623,-0.0196133
22090,-0.2353596,-9.973363,-0.0196133
22110,-0.24516624,-10.032203,0.0784532
22131,-0.2549729,-9.992976,-0.02941995
22150,-0.24516624,-10.032203,-0.049033247
22171,-0.20593965,-10.051816,-0.0588399
22191,-0.20593965,-10.002783,-0.0196133
22211,-0.19613299,-10.061623,-0.049033247
22231,-0.2353596,-10.120462,-0.00980665
22251,-0.18632634,-10.022396,0.00980665
22271,-0.20593965,-10.012589,-0.06864655
22291,-0.2549729,-10.169496,-0.0588399
22312,-0.2157463,-10.120462,0.00980665
22332,-0.2353596,-9.973363,0.0392266
22351,-0.2157463,-9.845877,0.0196133
22372,-0.20593965,-9.86549,-0.049033247
22392,-0.2157463,-9.95375,-0.0196133
22412,-0.17651969,-9.826263,-0.06864655
22432,-0.2157463,-9.738003,-0.06864655
22453,-0.2157463,-9.86549,-0.0588399
22473,-0.18632634,-9.89491,-0.0196133
22494,-0.2353596,-9.767424,0.0
22513,-0.2353596,-9.80665,-0.0392266
22534,-0.20593965,-9.7183895,-0.0588399
22554,-0.2157463,-9.502644,-0.02941995
22573,-0.16671304,-9.65955,0.0392266
22594,-0.18632634,-9.60071,-0.06864655
22614,-0.2353596,-9.738003,-0.02941995
22634,-0.24516624,-9.77723,-0.06864655
22654,-0.26477954,-10.189109,-0.00980665
22675,-0.2353596,-10.042009,0.0196133
22695,-0.2549729,-10.120462,-0.02941995
22714,-0.2157463,-10.159689,-0.049033247
22735,-0.18632634,-10.247949,-0.06864655
22754,-0.18632634,-10.238142,0.00980665
22774,-0.19613299,-10.218529,-0.00980665
22795,-0.2353596,-10.238142,0.00980665
22815,-0.2549729,-10.287175,0.0196133
22836,-0.26477954,-10.306788,-0.049033247
22855,-0.2549729,-10.189109,-0.049033247
22875,-0.2549729,-10.130269,-0.00980665
22895,-0.20593965,-10.012589,-0.088259846
22915,-0.20593965,-9.9047165,-0.0196133
22936,-0.2353596,-10.071429,-0.0392266
22952,-0.19613299,-10.022396,-0.098066494
22976,-0.2157463,-10.061623,-0.02941995
22996,-0.2353596,-9.943943,0.00980665
23017,-0.22555295,-9.86549,0.02941995
23037,-0.2745862,-9.86549,-0.02941995
23057,-0.20593965,-9.9047165,-0.10787315
23078,-0.20593965,-9.89491,-0.0588399
23097,-0.20593965,-9.747809,-0.049033247
23117,-0.16671304,-9.728196,0.02941995
23140,-0.20593965,-9.708583,0.0588399
23158,-0.19613299,-9.679163,0.0
23178,-0.19613299,-9.45361,-0.088259846
23198,-0.2157463,-9.51245,-0.0588399
23220,-0.2353596,-9.5320635,0.00980665
23238,-0.24516624,-9.551677,0.02941995
23258,-0.2353596,-9.65955,0.0392266
23279,-0.26477954,-9.757616,-0.0196133
23299,-0.2549729,-9.9047165,-0.049033247
23320,-0.2353596,-9.934136,-0.00980665
23338,-0.2157463,-10.042009,-0.088259846
23359,-0.2353596,-10.061623,-0.12748645
23381,-0.1569064,-10.247949,-0.098066494
23404,-0.2157463,-10.424469,0.0
23421,-0.17651969,-10.159689,0.0392266
23439,-0.2549729,-10.081236,0.0588399
23460,-0.2549729,-10.1989155,0.0196133
23481,-0.2745862,-10.385242,-0.10787315
23504,-0.22555295,-10.267562,-0.098066494
23520,-0.20593965,-10.071429,-0.0196133
23540,-0.26477954,-10.306788,0.0
23560,-0.17651969,-10.512729,0.0
23582,-0.20593965,-10.444082,0.0196133
23603,-0.19613299,-10.267562,0.00980665
23620,-0.22555295,-10.346016,-0.088259846
23640,-0.22555295,-10.277369,-0.098066494
23667,-0.2745862,-10.189109,-0.098066494
23702,-0.2353596,-10.228335,0.02941995
23731,-0.20593965,-10.022396,0.00980665
23751,-0.1569064,-9.77723,-0.06864655
23773,-0.14709975,-9.89491,-0.1176798
23791,-0.16671304,-10.032203,-0.1372931
23812,-0.20593965,-9.914523,-0.088259846
23832,-0.18632634,-9.708583,-0.06864655
23853,-0.2157463,-9.86549,0.00980665
23873,-0.18632634,-9.934136,0.0392266
23895,-0.2157463,-9.95375,-0.049033247
23913,-0.2549729,-10.120462,-0.0588399
23933,-0.20593965,-10.061623,-0.14709975
23955,-0.18632634,-10.002783,-0.10787315
23973,-0.1372931,-9.934136,-0.0784532
23993,-0.12748645,-9.845877,-0.0196133
24014,-0.14709975,-9.914523,-0.049033247
24034,-0.18632634,-10.061623,-0.088259846
24064,-0.2157463,-10.120462,-0.1372931
24074,-0.22555295,-10.169496,-0.088259846
24094,-0.19613299,-10.257755,-0.088259846
24114,-0.1372931,-10.100849,-0.00980665
24134,-0.12748645,-9.9047165,-0.049033247
24155,-0.17651969,-9.9047165,-0.02941995
24175,-0.19613299,-9.875297,-0.10787315
24195,-0.20593965,-9.855683,-0.098066494
24217,-0.18632634,-9.973363,-0.0392266
24239,-0.24516624,-10.032203,0.0
24256,-0.19613299,-9.992976,0.0
24276,-0.2353596,-10.149882,-0.02941995
24296,-0.17651969,-10.140076,-0.0784532
24317,-0.17651969,-10.022396,-0.0784532
24336,-0.1569064,-10.002783,-0.1176798
24358,-0.18632634,-9.845877,-0.06864655
24376,-0.16671304,-9.875297,-0.06864655
24396,-0.2157463,-9.973363,-0.00980665
24417,-0.22555295,-9.98317,-0.0392266
24437,-0.22555295,-9.992976,0.0196133
24458,-0.2353596,-10.061623,-0.098066494
24474,-0.20593965,-10.032203,-0.0196133
24497,-0.10787315,-9.767424,-0.0392266
24518,-0.10787315,-9.796844,0.00980665
24540,-0.12748645,-10.012589,-0.06864655
24557,-0.17651969,-10.061623,-0.16671304
24577,-0.19613299,-10.012589,-0.10787315
24598,-0.2353596,-10.169496,-0.049033247
24619,-0.24516624,-10.208722,-0.0392266
24639,-0.2353596,-10.1989155,-0.00980665
24658,-0.20593965,-10.081236,-0.049033247
24678,-0.16671304,-10.051816,-0.12748645
24699,-0.18632634,-10.071429,-0.14709975
24719,-0.1569064,-10.071429,-0.12748645
24744,-0.1569064,-10.002783,-0.14709975
24760,-0.20593965,-9.95375,-0.088259846
24779,-0.2157463,-9.885103,-0.02941995
24799,-0.2157463,-9.934136,-0.06864655
24820,-0.20593965,-9.826263,-0.1176798
24841,-0.20593965,-9.9047165,-0.049033247
24860,-0.1569064,-10.012589,-0.088259846
24879,-0.18632634,-9.9047165,-0.098066494
24901,-0.19613299,-9.7183895,-0.0392266
24920,-0.17651969,-9.767424,0.0196133
24942,-0.18632634,-9.92433,-0.06864655
24964,-0.20593965,-10.081236,-0.02941995
24981,-0.24516624,-10.120462,-0.049033247
25001,-0.20593965,-10.306788,-0.1176798
25021,-0.16671304,-10.208722,-0.10787315
25044,-0.1372931,-10.110656,-0.12748645
25061,-0.14709975,-10.012589,-0.1372931
25081,-0.14709975,-10.032203,-0.12748645
25101,-0.16671304,-10.169496,-0.02941995
25122,-0.1569064,-10.257755,-0.098066494
25143,-0.20593965,-10.247949,-0.098066494
25162,-0.24516624,-10.110656,-0.1372931
25182,-0.19613299,-9.914523,-0.14709975
25202,-0.17651969,-9.77723,-0.0784532
25222,-0.10787315,-9.943943,-0.0588399
25252,-0.16671304,-9.973363,-0.0392266
25262,-0.17651969,-9.992976,-0.049033247
25282,-0.18632634,-9.973363,-0.12748645
25303,-0.20593965,-9.885103,-0.1372931
25323,-0.17651969,-9.826263,-0.06864655
25344,-0.20593965,-9.92433,-0.02941995
25363,-0.17651969,-9.816457,-0.00980665
25383,-0.18632634,-9.816457,-0.0784532
25403,-0.18632634,-9.9047165,-0.0588399
25424,-0.19613299,-9.98317,-0.088259846
25444,-0.19613299,-9.826263,-0.0392266
25464,-0.18632634,-10.100849,-0.0196133
25484,-0.22555295,-10.208722,-0.0784532
25505,-0.19613299,-10.100849,-0.10787315
25529,-0.2549729,-10.140076,-0.12748645
25545,-0.20593965,-10.179302,-0.1569064
25564,-0.19613299,-9.885103,-0.098066494
25585,-0.1569064,-9.708583,-0.12748645
25604,-0.14709975,-9.767424,-0.098066494
25624,-0.18632634,-9.875297,-0.1372931
25645,-0.20593965,-9.992976,-0.14709975
25664,-0.2353596,-9.973363,-0.18632634
25684,-0.20593965,-10.032203,-0.12748645
25706,-0.1569064,-9.92433,-0.098066494
25728,-0.20593965,-9.86549,-0.1176798
25746,-0.18632634,-9.855683,-0.10787315
25766,-0.18632634,-9.845877,-0.1176798
25786,-0.18632634,-9.875297,-0.1372931
25807,-0.20593965,-9.934136,-0.1176798
25832,-0.16671304,-10.012589,-0.098066494
25850,-0.14709975,-10.120462,-0.00980665
25867,-0.19613299,-10.051816,0.0
25886,-0.17651969,-10.002783,-0.0196133
25909,-0.20593965,-10.012589,-0.12748645
25931,-0.22555295,-10.042009,-0.088259846
25947,-0.19613299,-9.914523,-0.0588399
25967,-0.14709975,-9.83607,0.00980665
25988,-0.1372931,-9.80665,-0.02941995
26008,-0.1569064,-9.95375,-0.0392266
26032,-0.20593965,-9.992976,-0.0588399
26049,-0.20593965,-9.973363,-0.1569064
26068,-0.2353596,-9.92433,-0.10787315
26088,-0.19613299,-10.071429,-0.06864655
26108,-0.17651969,-9.914523,0.0
26132,-0.1372931,-9.992976,-0.0588399
26148,-0.1372931,-9.992976,-0.0196133
26169,-0.1569064,-10.0910425,-0.1176798
26189,-0.17651969,-9.98317,-0.049033247
26209,-0.19613299,-10.051816,-0.088259846
26237,-0.1372931,-10.159689,-0.06864655
26254,-0.19613299,-10.120462,-0.088259846
26269,-0.24516624,-10.071429,-0.098066494
26289,-0.22555295,-10.0910425,-0.12748645
26310,-0.24516624,-9.992976,-0.088259846
26329,-0.2157463,-9.787037,-0.0588399
26349,-0.19613299,-9.708583,-0.0588399
26369,-0.16671304,-9.875297,0.0
26390,-0.17651969,-9.826263,-0.10787315
26410,-0.1569064,-9.747809,-0.0588399
26431,-0.18632634,-9.934136,-0.088259846
26450,-0.20593965,-9.89491,-0.1176798
26471,-0.16671304,-9.826263,-0.0392266
26494,-0.16671304,-10.002783,0.0
26517,-0.2157463,-10.257755,-0.0588399
26534,-0.20593965,-10.179302,0.00980665
26552,-0.19613299,-10.061623,-0.02941995
26571,-0.16671304,-10.071429,-0.1176798
26592,-0.1569064,-10.071429,-0.14709975
26612,-0.18632634,-10.081236,-0.06864655
26634,-0.16671304,-9.992976,-0.10787315
26652,-0.1569064,-9.98317,-0.06864655
26672,-0.16671304,-9.963556,-0.088259846
26692,-0.17651969,-9.98317,-0.0588399
26712,-0.18632634,-9.943943,-0.19613299
26733,-0.2549729,-9.855683,-0.088259846
26753,-0.20593965,-9.885103,-0.06864655
26773,-0.20593965,-9.943943,-0.02941995
26794,-0.2157463,-9.98317,-0.0588399
26819,-0.2157463,-10.002783,-0.0588399
26836,-0.18632634,-9.92433,-0.16671304
26853,-0.17651969,-9.914523,-0.098066494
26874,-0.20593965,-9.855683,-0.14709975
26894,-0.22555295,-9.855683,-0.088259846
26914,-0.2745862,-9.943943,-0.02941995
26934,-0.24516624,-10.032203,-0.00980665
26954,-0.19613299,-10.100849,-0.0392266
26975,-0.19613299,-10.218529,-0.06864655
26996,-0.1569064,-10.159689,-0.0784532
27019,-0.1176798,-9.973363,-0.0588399
27035,-0.1372931,-9.943943,-0.06864655
27055,-0.10787315,-9.86549,-0.088259846
27076,-0.1372931,-9.973363,-0.10787315
27097,-0.17651969,-10.061623,-0.12748645
27122,-0.19613299,-10.081236,-0.1569064
27136,-0.2157463,-10.110656,-0.088259846
27156,-0.22555295,-10.071429,-0.12748645
27176,-0.18632634,-10.051816,-0.06864655
27196,-0.18632634,-10.002783,-0.049033247
27219,-0.10787315,-9.875297,-0.088259846
27236,-0.17651969,-9.787037,-0.098066494
27256,-0.16671304,-9.845877,-0.12748645
27276,-0.18632634,-9.92433,-0.098066494
27299,-0.19613299,-10.042009,-0.0784532
27322,-0.19613299,-9.95375,-0.02941995
27337,-0.19613299,-9.95375,0.02941995
27357,-0.20593965,-9.86549,-0.098066494
27378,-0.2157463,-9.885103,-0.0784532
27397,-0.16671304,-9.875297,-0.0588399
27421,-0.18632634,-9.914523,-0.0392266
27441,-0.16671304,-9.95375,-0.049033247
27458,-0.17651969,-9.816457,-0.049033247
27478,-0.2157463,-10.0910425,-0.049033247
27499,-0.2353596,-10.071429,-0.088259846
27527,-0.19613299,-10.002783,-0.2157463
27539,-0.2353596,-10.169496,-0.098066494
27559,-0.18632634,-10.159689,-0.14709975
27579,-0.17651969,-10.179302,-0.1176798
27599,-0.19613299,-10.208722,-0.02941995
27621,-0.20593965,-10.238142,-0.049033247
27639,-0.2157463,-10.081236,-0.14709975
27659,-0.22555295,-9.973363,-0.098066494
27679,-0.22555295,-9.973363,-0.10787315
27700,-0.16671304,-9.973363,-0.0784532
27725,-0.19613299,-9.767424,0.02941995
27740,-0.1372931,-9.767424,-0.0784532
27760,-0.16671304,-9.934136,-0.0392266
27780,-0.17651969,-9.875297,-0.098066494
27800,-0.22555295,-9.914523,-0.0392266
27825,-0.18632634,-10.022396,-0.06864655
27840,-0.22555295,-10.120462,-0.06864655
27861,-0.19613299,-10.061623,-0.0784532
27883,-0.2157463,-9.992976,-0.098066494
27913,-0.20593965,-10.071429,-0.19613299
27930,-0.22555295,-10.002783,-0.098066494
27941,-0.16671304,-9.9047165,-0.0784532
27961,-0.19613299,-9.95375,-0.10787315
27983,-0.17651969,-10.042009,0.00980665
28006,-0.18632634,-10.012589,-0.00980665
28022,-0.19613299,-10.100849,-0.02941995
28042,-0.16671304,-10.208722,-0.088259846
28062,-0.17651969,-10.140076,-0.1176798
28084,-0.2353596,-10.002783,-0.0784532
28108,-0.17651969,-9.963556,-0.1176798
28126,-0.1569064,-9.943943,-0.0784532
28149,-0.19613299,-9.885103,-0.0588399
28166,-0.1569064,-9.796844,-0.06864655
28185,-0.18632634,-9.77723,-0.00980665
28207,-0.19613299,-9.728196,-0.088259846
28224,-0.20593965,-9.728196,-0.0784532
28243,-0.2157463,-9.885103,-0.049033247
28263,-0.20593965,-10.022396,-0.06864655
28285,-0.18632634,-9.9047165,0.00980665
28308,-0.17651969,-9.728196,-0.0588399
28324,-0.18632634,-9.95375,-0.06864655
28344,-0.24516624,-10.100849,-0.0784532
28364,-0.20593965,-10.081236,-0.00980665
28385,-0.24516624,-10.140076,-0.088259846
28408,-0.2157463,-10.0910425,-0.098066494
28424,-0.16671304,-10.0910425,-0.088259846
28445,-0.16671304,-10.032203,-0.06864655
28465,-0.1569064,-10.042009,-0.1176798
28485,-0.1569064,-10.071429,-0.12748645
28515,-0.18632634,-9.855683,-0.12748645
28526,-0.16671304,-10.012589,-0.06864655
28545,-0.20593965,-10.149882,-0.06864655
28565,-0.22555295,-10.179302,-0.088259846
28585,-0.19613299,-10.120462,-0.10787315
28605,-0.2157463,-10.169496,-0.10787315
28625,-0.19613299,-10.189109,-0.1372931
28646,-0.14709975,-9.973363,0.00980665
28665,-0.1372931,-9.80665,-0.0196133
28686,-0.16671304,-9.875297,-0.049033247
28706,-0.18632634,-9.796844,-0.06864655
28727,-0.2549729,-9.83607,-0.0392266
28747,-0.20593965,-10.002783,-0.088259846
28767,-0.2157463,-9.992976,-0.0196133
28787,-0.2157463,-9.963556,-0.0392266
28810,-0.20593965,-9.9047165,-0.02941995
28827,-0.16671304,-9.885103,-0.0784532
28847,-0.1569064,-9.738003,-0.10787315
28868,-0.1569064,-9.669356,-0.1569064
28888,-0.17651969,-9.728196,-0.06864655
28910,-0.20593965,-9.973363,-0.02941995
28928,-0.2157463,-10.169496,0.00980665
28948,-0.22555295,-10.051816,-0.06864655
28969,-0.24516624,-10.012589,-0.16671304
28989,-0.2157463,-10.012589,-0.1176798
29011,-0.2157463,-10.061623,-0.16671304
29029,-0.16671304,-10.051816,-0.1372931
29049,-0.17651969,-10.149882,-0.06864655
29069,-0.1372931,-10.169496,-0.0588399
29089,-0.16671304,-10.130269,-0.00980665
29110,-0.20593965,-9.943943,-0.098066494
29130,-0.20593965,-10.0910425,-0.1569064
29150,-0.2353596,-10.0910425,-0.1372931
29170,-0.20593965,-9.914523,-0.0588399
29190,-0.17651969,-9.934136,-0.0784532
29211,-0.1569064,-9.89491,-0.049033247
29230,-0.17651969,-9.973363,-0.06864655
29250,-0.17651969,-10.071429,-0.10787315
29272,-0.22555295,-9.885103,-0.17651969
29295,-0.19613299,-9.80665,-0.088259846
29312,-0.19613299,-10.022396,0.00980665
29331,-0.17651969,-9.885103,-0.0392266
29352,-0.20593965,-9.747809,0.02941995
29373,-0.20593965,-9.914523,-0.0588399
29395,-0.19613299,-10.012589,-0.1176798
29412,-0.19613299,-9.9047165,-0.10787315
29432,-0.20593965,-9.98317,-0.12748645
29452,-0.18632634,-10.061623,-0.0588399
29472,-0.19613299,-9.973363,0.00980665
29497,-0.1372931,-9.855683,-0.02941995
29513,-0.18632634,-9.845877,-0.0392266
29533,-0.20593965,-10.061623,-0.0588399
29552,-0.20593965,-10.149882,-0.1176798
29574,-0.20593965,-10.140076,-0.088259846
29597,-0.18632634,-10.179302,-0.0784532
29633,-0.18632634,-10.032203,0.0392266
29653,-0.20593965,-10.071429,-0.049033247
29673,-0.26477954,-10.130269,-0.0588399
29696,-0.24516624,-10.159689,-0.049033247
29714,-0.2549729,-10.110656,0.0196133
29733,-0.20593965,-9.885103,-0.0196133
29754,-0.20593965,-9.77723,0.0196133
29774,-0.22555295,-9.855683,0.0
29797,-0.20593965,-9.83607,-0.0392266
29814,-0.2157463,-9.875297,-0.0784532
29834,-0.20593965,-9.9047165,-0.049033247
29855,-0.20593965,-9.992976,0.0588399
29876,-0.20593965,-10.032203,0.098066494
29898,-0.22555295,-10.051816,0.00980665
29914,-0.18632634,-10.012589,0.02941995
29939,-0.2157463,-10.071429,-0.049033247
29955,-0.18632634,-9.95375,-0.00980665
29975,-0.2549729,-10.051816,-0.00980665
29999,-0.2157463,-10.081236,0.049033247
30016,-0.24516624,-10.012589,0.02941995
30035,-0.20593965,-10.071429,-0.06864655
30056,-0.2157463,-10.0910425,-0.02941995
30076,-0.2353596,-10.012589,0.049033247
30098,-0.18632634,-10.022396,0.0588399
30117,-0.18632634,-10.120462,0.0196133
30136,-0.20593965,-10.149882,0.00980665
30156,-0.18632634,-10.002783,-0.0196133
30176,-0.20593965,-9.9047165,0.00980665
30198,-0.22555295,-9.885103,0.00980665
30216,-0.19613299,-9.95375,0.0196133
30237,-0.26477954,-9.963556,0.0588399
30257,-0.19613299,-10.061623,-0.02941995
30277,-0.22555295,-9.963556,0.02941995
30301,-0.19613299,-9.9047165,-0.0588399
30317,-0.19613299,-9.80665,-0.0588399
30337,-0.18632634,-9.80665,0.0
30358,-0.2157463,-9.826263,-0.0392266
30379,-0.2549729,-9.885103,0.0196133
30399,-0.2745862,-10.100849,0.02941995
30418,-0.2353596,-10.179302,-0.02941995
30438,-0.22555295,-10.100849,0.0392266
30458,-0.22555295,-10.081236,0.0
30479,-0.20593965,-10.0910425,-0.00980665
30499,-0.19613299,-10.130269,-0.0392266
30519,-0.20593965,-10.012589,0.0392266
30539,-0.2157463,-9.98317,0.00980665
30561,-0.24516624,-10.051816,0.0392266
30583,-0.24516624,-10.189109,0.049033247
30600,-0.24516624,-10.140076,0.0196133
30620,-0.2353596,-10.120462,-0.0784532
30639,-0.2157463,-10.051816,-0.00980665
30662,-0.2157463,-10.012589,-0.00980665
30684,-0.16671304,-10.032203,0.0196133
30702,-0.17651969,-10.061623,0.0588399
30720,-0.18632634,-9.934136,0.0
30741,-0.2157463,-9.83607,-0.02941995
30762,-0.24516624,-9.963556,-0.0392266
30785,-0.28439283,-9.934136,-0.00980665
30802,-0.2353596,-9.845877,0.0196133
30821,-0.2157463,-9.826263,0.0588399
30842,-0.19613299,-10.002783,0.0196133
30862,-0.19613299,-10.022396,0.0392266
30884,-0.2353596,-9.914523,0.0
30903,-0.19613299,-10.002783,-0.0588399
30922,-0.17651969,-10.071429,-0.10787315
30943,-0.2157463,-10.071429,-0.049033247
30966,-0.20593965,-9.963556,0.0196133
30985,-0.2745862,-9.934136,-0.0196133
31002,-0.20593965,-10.071429,0.0196133
31022,-0.24516624,-10.149882,-0.02941995
31043,-0.20593965,-10.149882,-0.0588399
31063,-0.24516624,-10.032203,0.0196133
31087,-0.20593965,-10.002783,-0.00980665
31104,-0.1569064,-10.022396,0.0196133
31123,-0.1569064,-9.885103,-0.02941995
31143,-0.18632634,-9.875297,0.0196133
31164,-0.2353596,-9.98317,-0.0588399
31187,-0.20593965,-9.98317,0.00980665
31204,-0.2745862,-9.98317,-0.049033247
31224,-0.22555295,-9.914523,-0.00980665
31245,-0.2157463,-9.80665,0.0196133
31265,-0.2353596,-9.747809,-0.00980665
31287,-0.2157463,-9.738003,-0.0392266
31304,-0.2157463,-9.89491,-0.0196133
31324,-0.22555295,-10.071429,-0.02941995
31345,-0.2745862,-10.189109,-0.049033247
31364,-0.2549729,-10.208722,0.0
31390,-0.24516624,-10.179302,0.0588399
31404,-0.18632634,-10.071429,-0.00980665
31425,-0.17651969,-9.89491,0.049033247
31445,-0.22555295,-9.992976,-0.00980665
31465,-0.18632634,-10.032203,0.00980665
31491,-0.18632634,-10.051816,-0.0196133
31505,-0.22555295,-10.120462,-0.02941995
31526,-0.2157463,-10.208722,0.00980665
31546,-0.2157463,-10.120462,0.0784532
31566,-0.17651969,-9.992976,-0.00980665
31586,-0.24516624,-9.98317,-0.0392266
31606,-0.26477954,-10.012589,-0.02941995
31626,-0.19613299,-9.89491,0.00980665
31649,-0.20593965,-9.757616,0.06864655
31676,-0.20593965,-9.98317,0.049033247
31690,-0.2157463,-9.92433,-0.02941995
31707,-0.2353596,-9.92433,-0.0784532
31727,-0.20593965,-9.885103,-0.0784532
31749,-0.2549729,-9.914523,-0.02941995
31772,-0.2157463,-9.89491,0.0
31789,-0.2549729,-9.992976,0.00980665
31808,-0.2549729,-10.081236,-0.0588399
31828,-0.2353596,-9.963556,-0.02941995
31850,-0.2549729,-9.943943,0.0588399
31873,-0.2353596,-10.042009,0.0
31889,-0.20593965,-10.081236,0.0784532
31908,-0.2157463,-9.973363,0.0
31930,-0.20593965,-9.973363,0.0784532
31951,-0.2157463,-10.071429,-0.0196133
31973,-0.22555295,-10.042009,-0.0588399
31989,-0.2157463,-9.914523,-0.0784532
32009,-0.19613299,-10.022396,0.0392266
32029,-0.18632634,-10.179302,-0.0196133
32051,-0.2353596,-10.0910425,-0.00980665
32076,-0.19613299,-10.032203,-0.0392266
32092,-0.20593965,-10.0910425,-0.02941995
32110,-0.26477954,-10.042009,-0.0392266
32130,-0.2353596,-9.826263,0.00980665
32151,-0.22555295,-9.855683,0.0
32174,-0.22555295,-9.89491,0.02941995
32191,-0.2745862,-9.845877,0.0588399
32210,-0.24516624,-9.98317,-0.00980665
32231,-0.22555295,-10.061623,0.0
32252,-0.2157463,-10.130269,0.0392266
32274,-0.19613299,-10.042009,-0.00980665
32291,-0.24516624,-10.140076,0.02941995
32311,-0.24516624,-10.179302,0.02941995
32332,-0.2353596,-10.149882,-0.0392266
32352,-0.20593965,-10.169496,-0.00980665
32379,-0.24516624,-10.081236,-0.00980665
32394,-0.22555295,-10.051816,0.0
32411,-0.2745862,-9.973363,-0.0392266
32432,-0.2353596,-10.012589,-0.0392266
32454,-0.22555295,-10.032203,-0.0392266
32475,-0.19613299,-10.002783,0.00980665
32494,-0.2353596,-10.071429,-0.0588399
32512,-0.19613299,-10.100849,0.0
32533,-0.14709975,-10.022396,0.00980665
32554,-0.24516624,-9.9047165,-0.0588399
32575,-0.22555295,-9.914523,-0.098066494
32593,-0.24516624,-9.89491,-0.0588399
32613,-0.2157463,-9.92433,-0.00980665
32633,-0.20593965,-9.934136,0.0
32653,-0.2549729,-9.855683,-0.00980665
32685,-0.19613299,-9.787037,0.0196133
32696,-0.20593965,-9.708583,-0.00980665
32714,-0.20593965,-9.767424,-0.02941995
32734,-0.2353596,-10.022396,-0.049033247
32756,-0.2353596,-10.140076,-0.02941995
32775,-0.2157463,-10.081236,0.0196133
32794,-0.20593965,-10.100849,0.049033247
32817,-0.28439283,-10.100849,0.0196133
32835,-0.22555295,-9.973363,-0.00980665
32857,-0.20593965,-10.032203,-0.00980665
32879,-0.2157463,-10.110656,0.0
32896,-0.19613299,-10.051816,0.0
32915,-0.20593965,-9.934136,-0.06864655
32937,-0.24516624,-10.022396,0.0
32956,-0.2353596,-9.95375,0.00980665
32977,-0.17651969,-9.943943,-0.0588399
32996,-0.22555295,-9.992976,0.02941995
33016,-0.2549729,-10.042009,0.0
33036,-0.24516624,-10.051816,0.02941995
33056,-0.20593965,-10.081236,-0.0196133
33080,-0.18632634,-10.002783,-0.02941995
33098,-0.2157463,-10.130269,-0.0392266
33116,-0.19613299,-10.032203,0.00980665
33139,-0.18632634,-9.934136,-0.02941995
33161,-0.20593965,-10.002783,-0.00980665
33177,-0.28439283,-9.875297,0.0
33197,-0.22555295,-9.95375,-0.0196133
33217,-0.24516624,-10.051816,-0.00980665
33238,-0.2157463,-10.002783,-0.00980665
33261,-0.20593965,-9.95375,-0.0588399
33278,-0.19613299,-10.012589,0.00980665
33298,-0.19613299,-9.796844,0.00980665
33319,-0.19613299,-9.83607,0.00980665
33340,-0.20593965,-10.012589,0.00980665
33364,-0.22555295,-10.149882,0.0392266
33380,-0.26477954,-10.0910425,0.00980665
33399,-0.2353596,-9.95375,0.0392266
33420,-0.2157463,-9.914523,-0.02941995
33440,-0.19613299,-9.934136,-0.02941995
33461,-0.16671304,-9.973363,0.0
33481,-0.16671304,-9.963556,0.00980665
33500,-0.19613299,-10.022396,0.00980665
33520,-0.16671304,-10.022396,0.00980665
33541,-0.20593965,-10.247949,0.0
33563,-0.26477954,-10.277369,-0.0588399
33581,-0.2941995,-10.100849,-0.02941995
33601,-0.2353596,-9.963556,0.0196133
33621,-0.18632634,-9.92433,0.02941995
33642,-0.18632634,-9.855683,-0.02941995
33664,-0.17651969,-9.68897,-0.0392266
33682,-0.22555295,-9.855683,-0.049033247
33702,-0.2745862,-10.081236,-0.0392266
33721,-0.2353596,-10.159689,-0.049033247
33743,-0.2353596,-10.149882,0.00980665
33764,-0.22555295,-9.98317,0.0196133
33783,-0.2157463,-10.012589,0.0
33803,-0.22555295,-10.022396,-0.0588399
33825,-0.18632634,-9.963556,-0.0196133
33847,-0.2157463,-9.875297,0.0196133
33864,-0.2353596,-9.9047165,0.02941995
33883,-0.22555295,-10.100849,0.0392266
33903,-0.24516624,-10.110656,0.0196133
33923,-0.22555295,-10.002783,-0.098066494
33944,-0.2549729,-9.943943,0.0
33968,-0.19613299,-9.992976,0.049033247
33984,-0.14709975,-10.042009,0.0588399
34004,-0.20593965,-9.95375,0.0196133
34026,-0.2353596,-9.934136,0.0
34048,-0.24516624,-9.963556,0.00980665
34065,-0.24516624,-10.110656,0.0
34084,-0.22555295,-10.0910425,-0.00980665
34104,-0.20593965,-10.0910425,0.049033247
34126,-0.20593965,-9.973363,-0.0196133
34149,-0.2157463,-9.943943,0.0196133
34166,-0.18632634,-10.120462,-0.06864655
34185,-0.20593965,-10.032203,-0.0196133
34205,-0.19613299,-9.934136,0.02941995
34226,-0.20593965,-9.973363,-0.0392266
34248,-0.2353596,-10.051816,0.02941995
34266,-0.2353596,-9.973363,-0.0392266
34286,-0.2549729,-9.992976,0.0392266
34307,-0.19613299,-10.032203,-0.0784532
34327,-0.20593965,-10.042009,-0.06864655
34350,-0.2157463,-10.071429,0.00980665
34367,-0.22555295,-9.80665,-0.0392266
34386,-0.20593965,-9.826263,-0.0196133
34407,-0.20593965,-9.95375,-0.00980665
34427,-0.26477954,-9.875297,-0.0392266
34450,-0.2745862,-9.973363,0.0196133
34468,-0.22555295,-9.973363,0.0392266
34487,-0.20593965,-9.9047165,-0.00980665
34508,-0.19613299,-9.973363,0.0392266
34528,-0.2353596,-10.051816,-0.0588399
34552,-0.2157463,-9.992976,-0.0784532
34568,-0.20593965,-10.149882,-0.0392266
34588,-0.17651969,-10.238142,0.0
34608,-0.2353596,-10.002783,0.00980665
34628,-0.26477954,-10.012589,-0.0196133
34648,-0.22555295,-10.032203,-0.0392266
34668,-0.26477954,-9.98317,-0.0588399
34688,-0.26477954,-9.973363,0.00980665
34708,-0.2157463,-9.992976,0.049033247
34728,-0.19613299,-9.92433,0.049033247
34749,-0.17651969,-9.9047165,0.12748645
34769,-0.20593965,-10.042009,-0.0196133
34789,-0.18632634,-10.042009,-0.0392266
34810,-0.2549729,-9.973363,-0.0196133
34830,-0.20593965,-9.796844,-0.049033247
34851,-0.17651969,-9.83607,0.0
34870,-0.18632634,-9.943943,0.02941995
34890,-0.2549729,-9.9047165,0.00980665
34911,-0.2353596,-9.826263,-0.00980665
34931,-0.30400613,-9.95375,-0.00980665
34956,-0.24516624,-9.92433,-0.0588399
34976,-0.2157463,-10.002783,0.00980665
34995,-0.22555295,-10.169496,0.098066494
35011,-0.20593965,-10.110656,0.06864655
35031,-0.2157463,-10.0910425,0.00980665
35052,-0.20593965,-10.130269,-0.02941995
35071,-0.2157463,-10.120462,-0.02941995
35091,-0.24516624,-9.98317,0.0196133
35112,-0.20593965,-10.042009,0.0196133
35132,-0.2157463,-10.0910425,-0.0392266
35155,-0.2157463,-9.963556,-0.00980665
35172,-0.24516624,-9.934136,0.0392266
35193,-0.19613299,-10.012589,0.00980665
35216,-0.20593965,-10.051816,-0.0196133
35237,-0.20593965,-9.95375,0.00980665
35254,-0.24516624,-9.9047165,-0.02941995
35273,-0.2157463,-10.0910425,0.0196133
35294,-0.22555295,-10.051816,-0.0196133
35314,-0.2353596,-9.86549,0.00980665
35337,-0.24516624,-9.95375,0.0392266
35354,-0.22555295,-10.130269,0.049033247
35373,-0.2157463,-10.071429,0.0196133
35394,-0.19613299,-9.92433,-0.049033247
35416,-0.20593965,-10.022396,-0.088259846
35437,-0.22555295,-10.051816,0.0392266
35454,-0.2353596,-9.992976,0.0196133
35474,-0.19613299,-9.992976,0.0
35495,-0.20593965,-10.110656,-0.02941995
35516,-0.28439283,-10.081236,0.0392266
35538,-0.2549729,-10.022396,-0.049033247
35555,-0.2549729,-10.159689,0.0196133
35575,-0.22555295,-10.012589,0.00980665
35595,-0.20593965,-9.845877,0.00980665
35618,-0.20593965,-9.855683,-0.00980665
35639,-0.19613299,-10.022396,-0.0392266
35656,-0.1569064,-9.973363,-0.0392266
35676,-0.26477954,-9.943943,-0.0784532
35698,-0.20593965,-10.002783,0.00980665
35716,-0.24516624,-10.022396,-0.00980665
35739,-0.19613299,-9.885103,0.02941995
35758,-0.24516624,-9.89491,-0.00980665
35776,-0.24516624,-10.042009,-0.00980665
35796,-0.2157463,-10.071429,-0.02941995
35820,-0.22555295,-9.9047165,-0.0196133
35841,-0.19613299,-10.100849,0.00980665
35856,-0.2353596,-10.316595,0.0
35877,-0.2353596,-10.169496,-0.0588399
35897,-0.2353596,-10.032203,-0.0588399
35918,-0.26477954,-10.140076,0.00980665
35941,-0.24516624,-9.973363,-0.0588399
35958,-0.18632634,-9.83607,-0.0392266
35978,-0.20593965,-9.963556,0.02941995
35998,-0.18632634,-9.845877,0.0196133
36020,-0.22555295,-9.77723,0.02941995
36041,-0.2353596,-9.914523,0.0588399
36058,-0.24516624,-9.992976,-0.0784532
36078,-0.26477954,-9.845877,-0.06864655
36099,-0.2157463,-9.92433,0.02941995
36120,-0.16671304,-10.042009,0.06864655
36142,-0.2157463,-10.002783,0.0196133
36165,-0.22555295,-9.914523,-0.0588399
36179,-0.24516624,-10.012589,0.0
36203,-0.22555295,-10.051816,-0.0392266
36225,-0.2353596,-9.992976,0.0196133
36243,-0.18632634,-10.032203,0.049033247
36260,-0.2353596,-10.159689,0.049033247
36280,-0.20593965,-10.032203,0.02941995
36300,-0.18632634,-9.95375,0.00980665
36320,-0.2157463,-10.081236,0.0196133
36342,-0.20593965,-10.061623,0.06864655
36360,-0.2353596,-9.992976,0.02941995
36380,-0.2353596,-10.130269,0.0196133
36403,-0.20593965,-10.238142,-0.02941995
36426,-0.2353596,-10.100849,0.0196133
36442,-0.22555295,-9.963556,-0.0196133
36461,-0.22555295,-9.92433,0.00980665
36481,-0.17651969,-9.973363,0.0784532
36501,-0.20593965,-9.885103,0.0
36522,-0.22555295,-9.973363,0.0392266
36543,-0.2549729,-9.992976,-0.00980665
36561,-0.2157463,-9.95375,-0.00980665
36581,-0.22555295,-9.963556,-0.02941995
36605,-0.2745862,-10.140076,-0.0196133
36625,-0.20593965,-10.042009,0.0
36644,-0.20593965,-9.992976,0.0
36662,-0.2157463,-9.963556,-0.0196133
36682,-0.24516624,-10.081236,-0.0588399
36704,-0.26477954,-10.081236,-0.088259846
36725,-0.24516624,-10.022396,-0.0392266
36743,-0.26477954,-9.95375,0.00980665
36763,-0.2353596,-10.002783,0.06864655
36783,-0.20593965,-10.022396,0.02941995
36805,-0.20593965,-10.051816,-0.02941995
36827,-0.2353596,-9.973363,-0.0588399
36843,-0.19613299,-9.98317,-0.088259846
36864,-0.16671304,-9.934136,0.00980665
36884,-0.2353596,-10.002783,0.0784532
36905,-0.26477954,-9.98317,0.0588399
36927,-0.24516624,-9.973363,-0.00980665
36945,-0.26477954,-9.973363,-0.0588399
36969,-0.22555295,-9.943943,-0.02941995
36986,-0.20593965,-9.9047165,-0.0392266
37009,-0.17651969,-9.934136,0.02941995
37028,-0.20593965,-9.875297,0.06864655
37046,-0.2353596,-9.89491,0.0
37065,-0.2549729,-9.934136,0.0196133
37085,-0.2353596,-10.120462,-0.0196133
37106,-0.2353596,-10.179302,0.0
37127,-0.2353596,-10.149882,-0.0392266
37145,-0.22555295,-10.061623,0.0196133
37166,-0.2157463,-9.963556,-0.00980665
37186,-0.20593965,-10.032203,0.0
37206,-0.18632634,-10.002783,-0.049033247
37234,-0.19613299,-9.89491,-0.0392266
37247,-0.2157463,-9.95375,-0.0196133
37266,-0.2353596,-10.032203,0.0196133
37287,-0.2157463,-9.963556,-0.00980665
37307,-0.24516624,-9.973363,0.06864655
37329,-0.22555295,-9.963556,-0.00980665
37347,-0.18632634,-10.012589,0.02941995
37367,-0.2353596,-10.051816,-0.0196133
37387,-0.19613299,-10.012589,0.0
37407,-0.24516624,-10.002783,-0.00980665
37430,-0.2745862,-10.100849,-0.00980665
37448,-0.28439283,-10.159689,0.0
37468,-0.26477954,-10.042009,0.0
37488,-0.24516624,-10.022396,0.0
37508,-0.26477954,-9.98317,0.0
37531,-0.20593965,-9.943943,0.02941995
37548,-0.18632634,-9.9047165,-0.049033247
37569,-0.20593965,-9.845877,0.02941995
37591,-0.19613299,-9.885103,-0.049033247
37613,-0.2157463,-9.963556,0.0
37629,-0.19613299,-9.934136,0.00980665
37650,-0.2941995,-10.061623,0.00980665
37669,-0.22555295,-10.149882,0.0196133
37691,-0.19613299,-10.051816,0.02941995
37715,-0.20593965,-9.98317,-0.02941995
37732,-0.2353596,-9.95375,-0.0392266
37749,-0.20593965,-9.845877,0.0
37771,-0.2157463,-10.071429,-0.00980665
37790,-0.22555295,-10.179302,0.00980665
37810,-0.2157463,-10.012589,0.0196133
37831,-0.2353596,-9.92433,0.00980665
37850,-0.19613299,-10.061623,0.0
37871,-0.22555295,-10.238142,-0.00980665
37891,-0.2353596,-10.159689,-0.088259846
37919,-0.19613299,-10.120462,0.02941995
37933,-0.2157463,-10.277369,-0.0196133
37952,-0.18632634,-10.277369,-0.00980665
37973,-0.2157463,-10.159689,-0.049033247
37993,-0.2353596,-10.208722,0.00980665
38013,-0.2157463,-10.365629,-0.0392266
38033,-0.2549729,-10.296982,0.0
38050,-0.2549729,-10.238142,0.0196133
38073,-0.17651969,-10.247949,0.049033247
38094,-0.19613299,-10.336209,0.02941995
38118,-0.22555295,-10.346016,0.0
38136,-0.2157463,-10.483309,0.0
38155,-0.20593965,-10.630408,-0.0392266
38174,-0.22555295,-10.640215,-0.0392266
38194,-0.2353596,-10.718668,0.0196133
38217,-0.2353596,-10.630408,0.0196133
38234,-0.22555295,-10.463696,0.00980665
38254,-0.2353596,-10.453889,0.0392266
38274,-0.2157463,-10.473502,-0.0196133
38294,-0.20593965,-10.463696,-0.0196133
38319,-0.24516624,-10.650022,-0.0196133
38337,-0.18632634,-10.640215,-0.049033247
38357,-0.2157463,-10.669635,0.02941995
38378,-0.2157463,-10.355823,0.0
38396,-0.20593965,-10.346016,0.0
38419,-0.16671304,-10.346016,-0.0196133
38435,-0.2549729,-10.267562,-0.049033247
38456,-0.2549729,-10.277369,-0.00980665
38476,-0.2157463,-10.453889,0.0
38495,-0.22555295,-10.444082,0.049033247
38518,-0.2549729,-10.444082,-0.02941995
38536,-0.20593965,-10.610795,-0.02941995
38556,-0.2549729,-10.532342,-0.049033247
38577,-0.2353596,-10.493115,-0.049033247
38596,-0.2353596,-10.385242,-0.0588399
38619,-0.2353596,-10.395049,-0.0392266
38637,-0.2353596,-10.5715685,0.049033247
38657,-0.28439283,-10.473502,-0.00980665
38679,-0.26477954,-10.532342,0.02941995
38702,-0.2549729,-10.502922,0.02941995
38719,-0.22555295,-10.247949,-0.0392266
38739,-0.2157463,-10.140076,-0.0392266
38759,-0.16671304,-10.042009,0.00980665
38780,-0.2157463,-10.120462,0.049033247
38801,-0.2157463,-10.149882,-0.00980665
38819,-0.2157463,-10.218529,-0.0588399
38839,-0.24516624,-10.375436,-0.088259846
38859,-0.30400613,-10.434276,-0.06864655
38881,-0.2353596,-10.375436,-0.02941995
38902,-0.22555295,-10.385242,0.0
38919,-0.20593965,-10.306788,0.0
38940,-0.2157463,-10.277369,0.0196133
38960,-0.2549729,-10.296982,-0.00980665
38981,-0.2353596,-10.336209,-0.06864655
39002,-0.2353596,-10.385242,0.0
39020,-0.26477954,-10.522535,0.06864655
39040,-0.26477954,-10.493115,0.06864655
39060,-0.2353596,-10.316595,0.0
39082,-0.2157463,-10.267562,-0.0392266
39103,-0.20593965,-10.238142,0.02941995
39121,-0.18632634,-10.189109,-0.00980665
39141,-0.2353596,-10.130269,0.0
39161,-0.2549729,-10.159689,0.02941995
39182,-0.24516624,-10.140076,0.0196133
39204,-0.24516624,-9.98317,0.0
39221,-0.30400613,-10.022396,0.0
39242,-0.22555295,-10.120462,-0.088259846
39262,-0.1569064,-10.012589,-0.049033247
39282,-0.16671304,-10.002783,0.0196133
39305,-0.19613299,-10.100849,0.00980665
39322,-0.17651969,-10.110656,0.0
39343,-0.2745862,-10.208722,-0.00980665
39363,-0.22555295,-10.257755,-0.0588399
39383,-0.2549729,-9.963556,-0.00980665
39405,-0.20593965,-10.002783,0.0588399
39423,-0.22555295,-10.061623,0.0196133
39443,-0.20593965,-10.061623,0.02941995
39466,-0.2353596,-10.032203,-0.0196133
39488,-0.2157463,-10.061623,-0.0784532
39504,-0.16671304,-10.012589,-0.0588399
39524,-0.2157463,-9.98317,-0.0588399
39544,-0.20593965,-9.92433,-0.0392266
39565,-0.20593965,-9.95375,0.02941995
39589,-0.2157463,-9.875297,0.0196133
39605,-0.2353596,-9.796844,0.0
39624,-0.22555295,-9.95375,0.0
39644,-0.22555295,-10.032203,-0.0196133
39668,-0.22555295,-9.86549,-0.02941995
39689,-0.2549729,-9.855683,0.0392266
39706,-0.2745862,-10.051816,0.0
39726,-0.28439283,-10.0910425,0.0
39746,-0.2157463,-10.051816,-0.02941995
39768,-0.18632634,-10.0910425,0.0196133
39791,-0.20593965,-10.169496,0.06864655
39807,-0.1372931,-10.032203,0.00980665
39828,-0.17651969,-9.77723,0.0
39847,-0.20593965,-9.914523,0.0
39868,-0.22555295,-10.071429,-0.0784532
39890,-0.2549729,-9.963556,-0.02941995
39908,-0.20593965,-9.992976,0.0196133
39928,-0.2549729,-10.061623,0.0392266
39947,-0.22555295,-10.012589,0.0
39973,-0.19613299,-9.934136,-0.0196133
39991,-0.20593965,-10.002783,-0.0196133
40008,-0.2157463,-9.95375,0.0
40028,-0.2353596,-9.92433,0.0
40049,-0.22555295,-9.973363,0.0392266
40069,-0.2353596,-10.100849,-0.0196133
40091,-0.26477954,-10.051816,0.00980665
40109,-0.2745862,-9.826263,-0.02941995
40129,-0.20593965,-9.89491,0.0196133
40153,-0.2157463,-10.002783,0.0784532
40174,-0.18632634,-9.95375,0.049033247
40191,-0.2157463,-9.816457,0.0392266
40209,-0.20593965,-9.934136,-0.0196133
40230,-0.2353596,-10.110656,-0.02941995
40250,-0.19613299,-10.0910425,-0.0588399
40270,-0.2549729,-10.169496,0.02941995
40291,-0.20593965,-10.149882,0.049033247
40310,-0.22555295,-10.100849,-0.02941995
40330,-0.16671304,-9.855683,-0.0588399
40353,-0.22555295,-9.914523,-0.0784532
40375,-0.2549729,-10.002783,-0.0588399
40394,-0.2353596,-10.051816,0.0
40411,-0.2157463,-10.012589,0.0392266
40432,-0.26477954,-9.943943,0.06864655
40453,-0.2157463,-9.963556,0.02941995
40476,-0.2353596,-10.022396,-0.06864655
40492,-0.19613299,-10.012589,-0.088259846
40511,-0.19613299,-9.845877,-0.06864655
40532,-0.2157463,-9.86549,0.00980665
40553,-0.22555295,-9.973363,0.0588399
40576,-0.2353596,-10.061623,-0.0196133
40594,-0.2157463,-10.051816,-0.0196133
40612,-0.24516624,-10.081236,-0.049033247
40633,-0.24516624,-10.110656,0.0
40656,-0.19613299,-10.061623,-0.02941995
40678,-0.20593965,-9.89491,0.0
40694,-0.18632634,-9.95375,0.0
40713,-0.2157463,-10.022396,0.0392266
40733,-0.22555295,-9.92433,-0.0588399
40754,-0.24516624,-9.89491,-0.0196133
40777,-0.2353596,-9.98317,0.06864655
40793,-0.2549729,-10.100849,0.02941995
40814,-0.22555295,-9.98317,-0.00980665
40834,-0.2353596,-9.992976,0.0
40856,-0.2353596,-10.002783,-0.0784532
40878,-0.17651969,-9.973363,-0.049033247
40896,-0.24516624,-9.943943,-0.0196133
40914,-0.22555295,-9.98317,-0.088259846
40935,-0.26477954,-10.149882,0.0392266
40956,-0.22555295,-10.110656,-0.00980665
40978,-0.2353596,-10.051816,-0.049033247
40995,-0.2549729,-10.149882,0.0
41015,-0.2157463,-10.071429,-0.06864655
41036,-0.17651969,-10.051816,-0.0392266
41059,-0.16671304,-9.92433,0.0588399
41080,-0.20593965,-9.89491,0.02941995
41095,-0.22555295,-10.002783,0.0196133
41116,-0.2745862,-10.032203,0.0196133
41136,-0.24516624,-10.012589,0.0
41156,-0.2353596,-10.022396,0.0196133
41180,-0.20593965,-10.032203,0.0392266
41196,-0.18632634,-9.89491,-0.0196133
41216,-0.17651969,-9.796844,-0.00980665
41237,-0.1569064,-9.757616,0.0196133
41257,-0.17651969,-9.826263,-0.0392266
41281,-0.2353596,-9.963556,-0.0784532
41297,-0.2745862,-9.92433,-0.0588399
41317,-0.26477954,-10.042009,0.049033247
41338,-0.24516624,-10.051816,0.0196133
41358,-0.2353596,-10.022396,0.0
41380,-0.2353596,-10.061623,-0.049033247
41398,-0.2157463,-10.120462,-0.0196133
41418,-0.19613299,-9.98317,-0.00980665
41438,-0.18632634,-9.83607,-0.0784532
41458,-0.19613299,-9.973363,0.00980665
41482,-0.19613299,-10.002783,-0.0392266
41499,-0.20593965,-9.992976,-0.00980665
41519,-0.24516624,-10.012589,-0.0196133
41541,-0.17651969,-10.022396,0.02941995
41564,-0.18632634,-9.9047165,-0.0588399
41583,-0.22555295,-10.100849,-0.0392266
41599,-0.20593965,-10.120462,-0.02941995
41619,-0.1569064,-10.022396,0.0196133
41642,-0.17651969,-10.012589,0.00980665
41665,-0.18632634,-10.169496,0.049033247
41683,-0.2353596,-10.100849,-0.02941995
41700,-0.2941995,-9.973363,0.0
41721,-0.28439283,-9.934136,-0.00980665
41741,-0.2745862,-9.943943,-0.049033247
41761,-0.2745862,-10.061623,0.0588399
41783,-0.20593965,-10.110656,0.0196133
41801,-0.19613299,-10.120462,0.0784532
41821,-0.18632634,-10.336209,0.00980665
41842,-0.22555295,-10.434276,-0.0588399
41864,-0.24516624,-10.296982,-0.1372931
41881,-0.2157463,-10.267562,-0.049033247
41901,-0.2549729,-10.257755,0.00980665
41922,-0.2549729,-10.346016,-0.00980665
41944,-0.2157463,-10.296982,0.00980665
41965,-0.19613299,-10.287175,0.00980665
41984,-0.2157463,-10.179302,0.00980665
42002,-0.16671304,-9.95375,-0.0392266
42022,-0.22555295,-9.943943,-0.00980665
42043,-0.2353596,-9.973363,-0.0784532
42067,-0.26477954,-10.012589,-0.12748645
42086,-0.3138128,-10.081236,0.0196133
42103,-0.30400613,-10.159689,0.06864655
42123,-0.2941995,-10.257755,0.0588399
42144,-0.2157463,-10.149882,0.088259846
42165,-0.20593965,-9.973363,0.0392266
42183,-0.1372931,-9.914523,-0.049033247
42203,-0.17651969,-9.855683,-0.1176798
42225,-0.22555295,-9.83607,-0.0392266
42243,-0.26477954,-9.934136,-0.02941995
42263,-0.2549729,-9.963556,0.1176798
42283,-0.28439283,-9.98317,0.06864655
42303,-0.2549729,-9.89491,0.0196133
42323,-0.19613299,-9.885103,-0.02941995
42344,-0.2157463,-9.826263,-0.098066494
42364,-0.19613299,-9.992976,-0.0588399
42385,-0.17651969,-9.934136,-0.0196133
42405,-0.19613299,-9.963556,0.088259846
42425,-0.2157463,-9.92433,0.02941995
42445,-0.22555295,-9.992976,-0.0196133
42469,-0.2353596,-10.051816,-0.0588399
42486,-0.22555295,-9.98317,-0.0784532
42506,-0.19613299,-9.816457,-0.02941995
42526,-0.20593965,-9.787037,0.0196133
42546,-0.17651969,-9.9047165,0.0392266
42568,-0.19613299,-9.95375,0.0
42586,-0.19613299,-9.963556,0.0
42606,-0.2353596,-10.032203,-0.00980665
42626,-0.2353596,-10.189109,-0.0784532
42646,-0.2353596,-10.228335,-0.02941995
42670,-0.2353596,-10.267562,0.00980665
42687,-0.20593965,-10.061623,0.0392266
42707,-0.2157463,-9.963556,-0.02941995
42730,-0.2157463,-10.100849,0.049033247
42752,-0.24516624,-10.110656,0.00980665
42769,-0.2549729,-10.071429,-0.02941995
42787,-0.2353596,-9.973363,0.0196133
42808,-0.2549729,-9.98317,0.0
42828,-0.18632634,-10.130269,0.06864655
42848,-0.24516624,-10.071429,-0.0392266
42872,-0.2353596,-9.934136,0.00980665
42888,-0.22555295,-9.98317,-0.0588399
42908,-0.19613299,-9.934136,-0.06864655
42929,-0.2157463,-9.875297,-0.02941995
42949,-0.20593965,-9.934136,-0.02941995
42973,-0.19613299,-10.061623,0.06864655
42988,-0.20593965,-9.973363,-0.0196133
43010,-0.2353596,-10.012589,-0.02941995
43031,-0.24516624,-10.110656,-0.0196133
43053,-0.2157463,-10.012589,-0.049033247
43070,-0.17651969,-9.934136,-0.049033247
43089,-0.17651969,-9.9047165,-0.02941995
43110,-0.24516624,-10.012589,0.0588399
43131,-0.3138128,-9.992976,0.0588399
43153,-0.24516624,-10.012589,0.02941995
43171,-0.2549729,-10.100849,-0.0392266
43190,-0.2549729,-10.042009,-0.00980665
43210,-0.22555295,-10.051816,-0.02941995
43232,-0.20593965,-10.061623,-0.0196133
43254,-0.20593965,-9.914523,-0.0392266
43271,-0.20593965,-9.845877,-0.049033247
43291,-0.2353596,-9.89491,0.02941995
43312,-0.20593965,-9.934136,0.0392266
43332,-0.2157463,-9.943943,0.0196133
43355,-0.2157463,-9.9047165,0.0392266
43372,-0.18632634,-9.816457,0.049033247
43392,-0.14709975,-9.86549,0.0392266
43412,0.00980665,-9.375157,1.4611908
43432,0.06864655,-9.679163,1.8534569
43454,-3.471554,-10.238142,5.521144
43472,0.9414384,-9.973363,1.3238977
43493,2.010363,-9.041731,3.5990405
43513,1.2356379,-9.57129,2.6281822
43533,0.5001391,-10.022396,1.6671305
43557,-0.24516624,-11.110934,3.0694814
43574,0.7649187,-11.052094,3.559814
43593,0.37265268,-10.816734,2.6968286
43613,0.06864655,-9.728196,2.9518015
43634,0.0784532,-9.95375,3.9226599
43658,-0.0784532,-10.012589,3.2852278
43674,-0.37265268,-9.031924,2.7948952
43697,-0.2941995,-8.472945,4.393379
43720,0.83356524,-8.031646,6.6489086
43735,0.098066494,-9.179024,5.7172766
43754,-0.60801226,-9.365351,2.745862
43774,-1.0885382,-8.943665,3.3734875
43794,-0.2157463,-8.188553,5.79573
43814,0.088259846,-8.737725,6.2468357
43838,-0.4707192,-8.806372,4.501252
43856,-1.0395049,-9.022118,4.059953
43875,-1.0689248,-8.100293,5.325011
43895,-0.40207264,-7.6295733,5.933023
43915,-0.951245,-7.7766733,5.1975245
43935,-0.6668522,-7.6688,4.628739
43956,-0.60801226,-7.590347,4.932745
43976,-0.70607877,-7.913966,5.7270837
43996,-0.30400613,-8.041452,6.217416
44017,-0.5491724,-8.541592,5.933023
44037,-0.4707192,-8.325846,6.1389627
44057,-0.35303938,-7.963,6.3154826
44076,-0.48052585,-7.502087,6.0114765
44097,-0.7354987,-7.9924197,6.080123
44118,-0.55897903,-8.257199,6.541035
44141,-0.46091253,-8.178746,6.541035
44157,-0.5001391,-7.953193,6.217416
44177,-0.78453195,-8.021839,5.6878567
44197,-0.84337187,-7.8551264,5.550564
44219,-0.70607877,-7.923773,6.2958694
44243,-0.46091253,-7.982613,7.050981
44260,-0.48052585,-8.237586,7.080401
44278,-0.7354987,-8.237586,6.237029
44298,-1.0395049,-7.7962866,5.3642373
44319,-0.93163174,-7.6884136,5.82515
44338,-0.70607877,-7.560927,6.8058147
44372,-0.8139519,-7.423634,6.560649
44378,-0.92182505,-7.4432473,5.82515
44400,-0.8139519,-8.061066,5.6878567
